[{"model": "admin.logentry", "pk": 1, "fields": {"action_time": "2023-07-10T11:58:53.971Z", "user": 1, "content_type": 7, "object_id": "1", "object_repr": "Organization object (1)", "action_flag": 1, "change_message": "[{\"added\": {}}]"}}, {"model": "admin.logentry", "pk": 2, "fields": {"action_time": "2023-07-10T11:59:33.200Z", "user": 1, "content_type": 8, "object_id": "1", "object_repr": "Project object (1)", "action_flag": 1, "change_message": "[{\"added\": {}}]"}}, {"model": "admin.logentry", "pk": 3, "fields": {"action_time": "2023-07-10T12:01:22.792Z", "user": 1, "content_type": 6, "object_id": "2", "object_repr": "test@test.com", "action_flag": 1, "change_message": "[{\"added\": {}}]"}}, {"model": "admin.logentry", "pk": 4, "fields": {"action_time": "2023-07-10T12:02:01.296Z", "user": 1, "content_type": 8, "object_id": "2", "object_repr": "Project object (2)", "action_flag": 1, "change_message": "[{\"added\": {}}]"}}, {"model": "admin.logentry", "pk": 5, "fields": {"action_time": "2023-07-10T12:02:25.805Z", "user": 1, "content_type": 10, "object_id": "1", "object_repr": "OrganizationObject object (1)", "action_flag": 1, "change_message": "[{\"added\": {}}]"}}, {"model": "admin.logentry", "pk": 6, "fields": {"action_time": "2023-07-10T12:02:34.243Z", "user": 1, "content_type": 10, "object_id": "2", "object_repr": "OrganizationObject object (2)", "action_flag": 1, "change_message": "[{\"added\": {}}]"}}, {"model": "admin.logentry", "pk": 7, "fields": {"action_time": "2023-07-10T12:02:42.301Z", "user": 1, "content_type": 10, "object_id": "3", "object_repr": "OrganizationObject object (3)", "action_flag": 1, "change_message": "[{\"added\": {}}]"}}, {"model": "admin.logentry", "pk": 8, "fields": {"action_time": "2023-07-10T12:02:51.061Z", "user": 1, "content_type": 10, "object_id": "4", "object_repr": "OrganizationObject object (4)", "action_flag": 1, "change_message": "[{\"added\": {}}]"}}, {"model": "admin.logentry", "pk": 9, "fields": {"action_time": "2023-07-10T12:02:58.373Z", "user": 1, "content_type": 10, "object_id": "5", "object_repr": "OrganizationObject object (5)", "action_flag": 1, "change_message": "[{\"added\": {}}]"}}, {"model": "admin.logentry", "pk": 10, "fields": {"action_time": "2023-07-10T12:03:06.340Z", "user": 1, "content_type": 10, "object_id": "6", "object_repr": "OrganizationObject object (6)", "action_flag": 1, "change_message": "[{\"added\": {}}]"}}, {"model": "admin.logentry", "pk": 11, "fields": {"action_time": "2023-07-10T12:03:43.299Z", "user": 1, "content_type": 6, "object_id": "3", "object_repr": "w1@mail.com", "action_flag": 1, "change_message": "[{\"added\": {}}]"}}, {"model": "admin.logentry", "pk": 12, "fields": {"action_time": "2023-07-10T12:04:11.843Z", "user": 1, "content_type": 6, "object_id": "4", "object_repr": "w2@mail.com", "action_flag": 1, "change_message": "[{\"added\": {}}]"}}, {"model": "admin.logentry", "pk": 13, "fields": {"action_time": "2023-07-10T12:04:32.607Z", "user": 1, "content_type": 6, "object_id": "5", "object_repr": "w3@mail.com", "action_flag": 1, "change_message": "[{\"added\": {}}]"}}, {"model": "admin.logentry", "pk": 14, "fields": {"action_time": "2023-07-10T12:04:56.680Z", "user": 1, "content_type": 6, "object_id": "6", "object_repr": "w4@mail.com", "action_flag": 1, "change_message": "[{\"added\": {}}]"}}, {"model": "admin.logentry", "pk": 15, "fields": {"action_time": "2023-07-10T12:05:48.680Z", "user": 1, "content_type": 6, "object_id": "7", "object_repr": "moderator@mail.com", "action_flag": 1, "change_message": "[{\"added\": {}}]"}}, {"model": "admin.logentry", "pk": 16, "fields": {"action_time": "2023-07-10T12:06:04.315Z", "user": 1, "content_type": 6, "object_id": "8", "object_repr": "simpleuser@mail.com", "action_flag": 1, "change_message": "[{\"added\": {}}]"}}, {"model": "admin.logentry", "pk": 17, "fields": {"action_time": "2023-07-10T12:06:27.058Z", "user": 1, "content_type": 9, "object_id": "1", "object_repr": "ProjectTeam object (1)", "action_flag": 1, "change_message": "[{\"added\": {}}]"}}, {"model": "admin.logentry", "pk": 18, "fields": {"action_time": "2023-07-10T12:06:37.159Z", "user": 1, "content_type": 9, "object_id": "2", "object_repr": "ProjectTeam object (2)", "action_flag": 1, "change_message": "[{\"added\": {}}]"}}, {"model": "admin.logentry", "pk": 19, "fields": {"action_time": "2023-07-10T12:06:52.711Z", "user": 1, "content_type": 9, "object_id": "3", "object_repr": "ProjectTeam object (3)", "action_flag": 1, "change_message": "[{\"added\": {}}]"}}, {"model": "admin.logentry", "pk": 20, "fields": {"action_time": "2023-07-10T12:07:03.272Z", "user": 1, "content_type": 9, "object_id": "4", "object_repr": "ProjectTeam object (4)", "action_flag": 1, "change_message": "[{\"added\": {}}]"}}, {"model": "admin.logentry", "pk": 21, "fields": {"action_time": "2023-07-10T12:07:12.689Z", "user": 1, "content_type": 9, "object_id": "5", "object_repr": "ProjectTeam object (5)", "action_flag": 1, "change_message": "[{\"added\": {}}]"}}, {"model": "admin.logentry", "pk": 22, "fields": {"action_time": "2023-07-10T12:07:20.367Z", "user": 1, "content_type": 9, "object_id": "6", "object_repr": "ProjectTeam object (6)", "action_flag": 1, "change_message": "[{\"added\": {}}]"}}, {"model": "admin.logentry", "pk": 23, "fields": {"action_time": "2023-07-10T12:10:37.809Z", "user": 1, "content_type": 11, "object_id": "1", "object_repr": "DataPoint object (1)", "action_flag": 1, "change_message": "[{\"added\": {}}]"}}, {"model": "auth.permission", "pk": 1, "fields": {"name": "Can add log entry", "content_type": 1, "codename": "add_logentry"}}, {"model": "auth.permission", "pk": 2, "fields": {"name": "Can change log entry", "content_type": 1, "codename": "change_logentry"}}, {"model": "auth.permission", "pk": 3, "fields": {"name": "Can delete log entry", "content_type": 1, "codename": "delete_logentry"}}, {"model": "auth.permission", "pk": 4, "fields": {"name": "Can view log entry", "content_type": 1, "codename": "view_logentry"}}, {"model": "auth.permission", "pk": 5, "fields": {"name": "Can add permission", "content_type": 2, "codename": "add_permission"}}, {"model": "auth.permission", "pk": 6, "fields": {"name": "Can change permission", "content_type": 2, "codename": "change_permission"}}, {"model": "auth.permission", "pk": 7, "fields": {"name": "Can delete permission", "content_type": 2, "codename": "delete_permission"}}, {"model": "auth.permission", "pk": 8, "fields": {"name": "Can view permission", "content_type": 2, "codename": "view_permission"}}, {"model": "auth.permission", "pk": 9, "fields": {"name": "Can add group", "content_type": 3, "codename": "add_group"}}, {"model": "auth.permission", "pk": 10, "fields": {"name": "Can change group", "content_type": 3, "codename": "change_group"}}, {"model": "auth.permission", "pk": 11, "fields": {"name": "Can delete group", "content_type": 3, "codename": "delete_group"}}, {"model": "auth.permission", "pk": 12, "fields": {"name": "Can view group", "content_type": 3, "codename": "view_group"}}, {"model": "auth.permission", "pk": 13, "fields": {"name": "Can add content type", "content_type": 4, "codename": "add_contenttype"}}, {"model": "auth.permission", "pk": 14, "fields": {"name": "Can change content type", "content_type": 4, "codename": "change_contenttype"}}, {"model": "auth.permission", "pk": 15, "fields": {"name": "Can delete content type", "content_type": 4, "codename": "delete_contenttype"}}, {"model": "auth.permission", "pk": 16, "fields": {"name": "Can view content type", "content_type": 4, "codename": "view_contenttype"}}, {"model": "auth.permission", "pk": 17, "fields": {"name": "Can add session", "content_type": 5, "codename": "add_session"}}, {"model": "auth.permission", "pk": 18, "fields": {"name": "Can change session", "content_type": 5, "codename": "change_session"}}, {"model": "auth.permission", "pk": 19, "fields": {"name": "Can delete session", "content_type": 5, "codename": "delete_session"}}, {"model": "auth.permission", "pk": 20, "fields": {"name": "Can view session", "content_type": 5, "codename": "view_session"}}, {"model": "auth.permission", "pk": 21, "fields": {"name": "Can add user account", "content_type": 6, "codename": "add_useraccount"}}, {"model": "auth.permission", "pk": 22, "fields": {"name": "Can change user account", "content_type": 6, "codename": "change_useraccount"}}, {"model": "auth.permission", "pk": 23, "fields": {"name": "Can delete user account", "content_type": 6, "codename": "delete_useraccount"}}, {"model": "auth.permission", "pk": 24, "fields": {"name": "Can view user account", "content_type": 6, "codename": "view_useraccount"}}, {"model": "auth.permission", "pk": 25, "fields": {"name": "Can add organization", "content_type": 7, "codename": "add_organization"}}, {"model": "auth.permission", "pk": 26, "fields": {"name": "Can change organization", "content_type": 7, "codename": "change_organization"}}, {"model": "auth.permission", "pk": 27, "fields": {"name": "Can delete organization", "content_type": 7, "codename": "delete_organization"}}, {"model": "auth.permission", "pk": 28, "fields": {"name": "Can view organization", "content_type": 7, "codename": "view_organization"}}, {"model": "auth.permission", "pk": 29, "fields": {"name": "Can add project", "content_type": 8, "codename": "add_project"}}, {"model": "auth.permission", "pk": 30, "fields": {"name": "Can change project", "content_type": 8, "codename": "change_project"}}, {"model": "auth.permission", "pk": 31, "fields": {"name": "Can delete project", "content_type": 8, "codename": "delete_project"}}, {"model": "auth.permission", "pk": 32, "fields": {"name": "Can view project", "content_type": 8, "codename": "view_project"}}, {"model": "auth.permission", "pk": 33, "fields": {"name": "Can add project team", "content_type": 9, "codename": "add_projectteam"}}, {"model": "auth.permission", "pk": 34, "fields": {"name": "Can change project team", "content_type": 9, "codename": "change_projectteam"}}, {"model": "auth.permission", "pk": 35, "fields": {"name": "Can delete project team", "content_type": 9, "codename": "delete_projectteam"}}, {"model": "auth.permission", "pk": 36, "fields": {"name": "Can view project team", "content_type": 9, "codename": "view_projectteam"}}, {"model": "auth.permission", "pk": 37, "fields": {"name": "Can add organization object", "content_type": 10, "codename": "add_organizationobject"}}, {"model": "auth.permission", "pk": 38, "fields": {"name": "Can change organization object", "content_type": 10, "codename": "change_organizationobject"}}, {"model": "auth.permission", "pk": 39, "fields": {"name": "Can delete organization object", "content_type": 10, "codename": "delete_organizationobject"}}, {"model": "auth.permission", "pk": 40, "fields": {"name": "Can view organization object", "content_type": 10, "codename": "view_organizationobject"}}, {"model": "auth.permission", "pk": 41, "fields": {"name": "Can add data point", "content_type": 11, "codename": "add_datapoint"}}, {"model": "auth.permission", "pk": 42, "fields": {"name": "Can change data point", "content_type": 11, "codename": "change_datapoint"}}, {"model": "auth.permission", "pk": 43, "fields": {"name": "Can delete data point", "content_type": 11, "codename": "delete_datapoint"}}, {"model": "auth.permission", "pk": 44, "fields": {"name": "Can view data point", "content_type": 11, "codename": "view_datapoint"}}, {"model": "contenttypes.contenttype", "pk": 1, "fields": {"app_label": "admin", "model": "logentry"}}, {"model": "contenttypes.contenttype", "pk": 2, "fields": {"app_label": "auth", "model": "permission"}}, {"model": "contenttypes.contenttype", "pk": 3, "fields": {"app_label": "auth", "model": "group"}}, {"model": "contenttypes.contenttype", "pk": 4, "fields": {"app_label": "contenttypes", "model": "contenttype"}}, {"model": "contenttypes.contenttype", "pk": 5, "fields": {"app_label": "sessions", "model": "session"}}, {"model": "contenttypes.contenttype", "pk": 6, "fields": {"app_label": "users", "model": "useraccount"}}, {"model": "contenttypes.contenttype", "pk": 7, "fields": {"app_label": "users", "model": "organization"}}, {"model": "contenttypes.contenttype", "pk": 8, "fields": {"app_label": "users", "model": "project"}}, {"model": "contenttypes.contenttype", "pk": 9, "fields": {"app_label": "users", "model": "projectteam"}}, {"model": "contenttypes.contenttype", "pk": 10, "fields": {"app_label": "users", "model": "organizationobject"}}, {"model": "contenttypes.contenttype", "pk": 11, "fields": {"app_label": "users", "model": "datapoint"}}, {"model": "sessions.session", "pk": "pxh5ggkmv4s3yxm993fwd3k4iq96voar", "fields": {"session_data": ".eJxVjMsOwiAQRf-FtSGFUh4u3fsNZIYZpGogKe3K-O_apAvd3nPOfYkI21ri1nmJM4mzUOL0uyGkB9cd0B3qrcnU6rrMKHdFHrTLayN-Xg7376BAL996Go0LARTzgGaclAPnMSv2FIyDIWsCBK9DTkg6sE3eksfETNYlE7J4fwDrCTje:1qIpVK:1eBU2JCdsynW-_GPz8ETw8DGeylOVMTuLPBCmG7JkbE", "expire_date": "2023-07-24T11:56:34.372Z"}}, {"model": "users.useraccount", "pk": 1, "fields": {"password": "pbkdf2_sha256$600000$rf5PH3ppzKQvx3gUcF8id5$6kxndi8yU7ZFKPbBgIQsEFvOwWeIWr2kD3aaN55gnNA=", "last_login": "2023-07-10T11:56:34.371Z", "is_superuser": true, "first_name": "", "last_name": "", "email": "admin@admin.com", "is_active": true, "is_staff": true, "groups": [], "user_permissions": []}}, {"model": "users.useraccount", "pk": 2, "fields": {"password": "dsfdsfsgs", "last_login": null, "is_superuser": false, "first_name": "ssd", "last_name": "ssd", "email": "test@test.com", "is_active": true, "is_staff": false, "groups": [], "user_permissions": []}}, {"model": "users.useraccount", "pk": 3, "fields": {"password": "wetrwetwe", "last_login": null, "is_superuser": false, "first_name": "assa", "last_name": "aassa", "email": "w1@mail.com", "is_active": true, "is_staff": false, "groups": [], "user_permissions": []}}, {"model": "users.useraccount", "pk": 4, "fields": {"password": "dfsffdsf", "last_login": null, "is_superuser": false, "first_name": "da", "last_name": "daa", "email": "w2@mail.com", "is_active": true, "is_staff": false, "groups": [], "user_permissions": []}}, {"model": "users.useraccount", "pk": 5, "fields": {"password": "dfafaf", "last_login": null, "is_superuser": false, "first_name": "rwet", "last_name": "tw", "email": "w3@mail.com", "is_active": true, "is_staff": false, "groups": [], "user_permissions": []}}, {"model": "users.useraccount", "pk": 6, "fields": {"password": "ewtwtwt", "last_login": null, "is_superuser": false, "first_name": "retre", "last_name": "tert", "email": "w4@mail.com", "is_active": true, "is_staff": false, "groups": [], "user_permissions": []}}, {"model": "users.useraccount", "pk": 7, "fields": {"password": "moderator", "last_login": null, "is_superuser": false, "first_name": "mmm", "last_name": "mmm", "email": "moderator@mail.com", "is_active": true, "is_staff": false, "groups": [], "user_permissions": []}}, {"model": "users.useraccount", "pk": 8, "fields": {"password": "simpleuser", "last_login": null, "is_superuser": false, "first_name": "sss", "last_name": "sss", "email": "simpleuser@mail.com", "is_active": true, "is_staff": false, "groups": [], "user_permissions": []}}, {"model": "users.organization", "pk": 1, "fields": {"name": "Company", "description": "nice company", "users": [1]}}, {"model": "users.project", "pk": 1, "fields": {"title": "Project 1", "description": "project 1 description", "owner": 1, "organization": 1, "created_date": "2023-07-10T11:59:33.197Z"}}, {"model": "users.project", "pk": 2, "fields": {"title": "project 2", "description": "project 2 description", "owner": 2, "organization": 1, "created_date": "2023-07-10T12:02:01.293Z"}}, {"model": "users.organizationobject", "pk": 1, "fields": {"name": "obj1", "description": "obj1", "project": 1}}, {"model": "users.organizationobject", "pk": 2, "fields": {"name": "obj2", "description": "obj2", "project": 1}}, {"model": "users.organizationobject", "pk": 3, "fields": {"name": "obj3", "description": "obj3", "project": 1}}, {"model": "users.organizationobject", "pk": 4, "fields": {"name": "obj4", "description": "obj4", "project": 2}}, {"model": "users.organizationobject", "pk": 5, "fields": {"name": "obj5", "description": "obj5", "project": 2}}, {"model": "users.organizationobject", "pk": 6, "fields": {"name": "obj6", "description": "obj6", "project": 2}}, {"model": "users.projectteam", "pk": 1, "fields": {"project": 1, "user": 3, "role": 3, "created_date": "2023-07-10T12:06:27.054Z"}}, {"model": "users.projectteam", "pk": 2, "fields": {"project": 1, "user": 4, "role": 3, "created_date": "2023-07-10T12:06:37.157Z"}}, {"model": "users.projectteam", "pk": 3, "fields": {"project": 1, "user": 5, "role": 3, "created_date": "2023-07-10T12:06:52.709Z"}}, {"model": "users.projectteam", "pk": 4, "fields": {"project": 2, "user": 6, "role": 3, "created_date": "2023-07-10T12:07:03.271Z"}}, {"model": "users.projectteam", "pk": 5, "fields": {"project": 1, "user": 7, "role": 2, "created_date": "2023-07-10T12:07:12.686Z"}}, {"model": "users.projectteam", "pk": 6, "fields": {"project": 1, "user": 8, "role": 3, "created_date": "2023-07-10T12:07:20.365Z"}}, {"model": "users.datapoint", "pk": 1, "fields": {"name": "data1", "object": 1, "value": 12.0, "project_name": "project name", "object_name": "object name", "created_date": "2023-07-10T12:10:37.803Z"}}, {"model": "users.datapoint", "pk": 2, "fields": {"name": "demo", "object": 1, "value": 12.0, "project_name": "Project 1", "object_name": "obj1", "created_date": "2023-07-10T12:27:07.404Z"}}, {"model": "users.datapoint", "pk": 3, "fields": {"name": "demo1", "object": 1, "value": 12.0, "project_name": "Project 1", "object_name": "obj1", "created_date": "2023-07-10T12:38:24.059Z"}}, {"model": "users.datapoint", "pk": 4, "fields": {"name": "test obj1 0", "object": 1, "value": 31.63261455218236, "project_name": "Project 1", "object_name": "obj1", "created_date": "2023-07-10T17:32:44.751Z"}}, {"model": "users.datapoint", "pk": 5, "fields": {"name": "test obj1 1", "object": 1, "value": 42.31760140051528, "project_name": "Project 1", "object_name": "obj1", "created_date": "2023-07-10T17:32:44.758Z"}}, {"model": "users.datapoint", "pk": 6, "fields": {"name": "test obj1 2", "object": 1, "value": 52.756481601751915, "project_name": "Project 1", "object_name": "obj1", "created_date": "2023-07-10T17:32:44.759Z"}}, {"model": "users.datapoint", "pk": 7, "fields": {"name": "test obj1 3", "object": 1, "value": 24.465874392081023, "project_name": "Project 1", "object_name": "obj1", "created_date": "2023-07-10T17:32:44.760Z"}}, {"model": "users.datapoint", "pk": 8, "fields": {"name": "test obj1 4", "object": 1, "value": 33.70135910571288, "project_name": "Project 1", "object_name": "obj1", "created_date": "2023-07-10T17:32:44.761Z"}}, {"model": "users.datapoint", "pk": 9, "fields": {"name": "test obj1 5", "object": 1, "value": 16.843517296252166, "project_name": "Project 1", "object_name": "obj1", "created_date": "2023-07-10T17:32:44.761Z"}}, {"model": "users.datapoint", "pk": 10, "fields": {"name": "test obj1 6", "object": 1, "value": 92.97678531963345, "project_name": "Project 1", "object_name": "obj1", "created_date": "2023-07-10T17:32:44.762Z"}}, {"model": "users.datapoint", "pk": 11, "fields": {"name": "test obj1 7", "object": 1, "value": 21.832496637422622, "project_name": "Project 1", "object_name": "obj1", "created_date": "2023-07-10T17:32:44.763Z"}}, {"model": "users.datapoint", "pk": 12, "fields": {"name": "test obj1 8", "object": 1, "value": 14.077122091973512, "project_name": "Project 1", "object_name": "obj1", "created_date": "2023-07-10T17:32:44.764Z"}}, {"model": "users.datapoint", "pk": 13, "fields": {"name": "test obj1 9", "object": 1, "value": 52.85318089983715, "project_name": "Project 1", "object_name": "obj1", "created_date": "2023-07-10T17:32:44.765Z"}}, {"model": "users.datapoint", "pk": 14, "fields": {"name": "test obj1 10", "object": 1, "value": 80.83193523445838, "project_name": "Project 1", "object_name": "obj1", "created_date": "2023-07-10T17:32:44.765Z"}}, {"model": "users.datapoint", "pk": 15, "fields": {"name": "test obj1 11", "object": 1, "value": 3.9038000657922134, "project_name": "Project 1", "object_name": "obj1", "created_date": "2023-07-10T17:32:44.766Z"}}, {"model": "users.datapoint", "pk": 16, "fields": {"name": "test obj1 12", "object": 1, "value": 54.6106632109279, "project_name": "Project 1", "object_name": "obj1", "created_date": "2023-07-10T17:32:44.767Z"}}, {"model": "users.datapoint", "pk": 17, "fields": {"name": "test obj1 13", "object": 1, "value": 88.54900437223327, "project_name": "Project 1", "object_name": "obj1", "created_date": "2023-07-10T17:32:44.767Z"}}, {"model": "users.datapoint", "pk": 18, "fields": {"name": "test obj1 14", "object": 1, "value": 8.167944563936405, "project_name": "Project 1", "object_name": "obj1", "created_date": "2023-07-10T17:32:44.768Z"}}, {"model": "users.datapoint", "pk": 19, "fields": {"name": "test obj1 15", "object": 1, "value": 31.48878562023191, "project_name": "Project 1", "object_name": "obj1", "created_date": "2023-07-10T17:32:44.769Z"}}, {"model": "users.datapoint", "pk": 20, "fields": {"name": "test obj1 16", "object": 1, "value": 85.57893000419426, "project_name": "Project 1", "object_name": "obj1", "created_date": "2023-07-10T17:32:44.769Z"}}, {"model": "users.datapoint", "pk": 21, "fields": {"name": "test obj1 17", "object": 1, "value": 95.82244694194675, "project_name": "Project 1", "object_name": "obj1", "created_date": "2023-07-10T17:32:44.770Z"}}, {"model": "users.datapoint", "pk": 22, "fields": {"name": "test obj1 18", "object": 1, "value": 33.84513552618159, "project_name": "Project 1", "object_name": "obj1", "created_date": "2023-07-10T17:32:44.771Z"}}, {"model": "users.datapoint", "pk": 23, "fields": {"name": "test obj1 19", "object": 1, "value": 45.42962443930201, "project_name": "Project 1", "object_name": "obj1", "created_date": "2023-07-10T17:32:44.771Z"}}, {"model": "users.datapoint", "pk": 24, "fields": {"name": "test obj1 20", "object": 1, "value": 69.03211414261783, "project_name": "Project 1", "object_name": "obj1", "created_date": "2023-07-10T17:32:44.772Z"}}, {"model": "users.datapoint", "pk": 25, "fields": {"name": "test obj1 21", "object": 1, "value": 30.20398473309972, "project_name": "Project 1", "object_name": "obj1", "created_date": "2023-07-10T17:32:44.773Z"}}, {"model": "users.datapoint", "pk": 26, "fields": {"name": "test obj1 22", "object": 1, "value": 24.341819045508295, "project_name": "Project 1", "object_name": "obj1", "created_date": "2023-07-10T17:32:44.774Z"}}, {"model": "users.datapoint", "pk": 27, "fields": {"name": "test obj1 23", "object": 1, "value": 40.42174564649784, "project_name": "Project 1", "object_name": "obj1", "created_date": "2023-07-10T17:32:44.775Z"}}, {"model": "users.datapoint", "pk": 28, "fields": {"name": "test obj1 24", "object": 1, "value": 5.717029932448344, "project_name": "Project 1", "object_name": "obj1", "created_date": "2023-07-10T17:32:44.776Z"}}, {"model": "users.datapoint", "pk": 29, "fields": {"name": "test obj1 25", "object": 1, "value": 80.60017757320274, "project_name": "Project 1", "object_name": "obj1", "created_date": "2023-07-10T17:32:44.777Z"}}, {"model": "users.datapoint", "pk": 30, "fields": {"name": "test obj1 26", "object": 1, "value": 22.057923287368283, "project_name": "Project 1", "object_name": "obj1", "created_date": "2023-07-10T17:32:44.777Z"}}, {"model": "users.datapoint", "pk": 31, "fields": {"name": "test obj1 27", "object": 1, "value": 37.53861732927696, "project_name": "Project 1", "object_name": "obj1", "created_date": "2023-07-10T17:32:44.778Z"}}, {"model": "users.datapoint", "pk": 32, "fields": {"name": "test obj1 28", "object": 1, "value": 22.69572997975137, "project_name": "Project 1", "object_name": "obj1", "created_date": "2023-07-10T17:32:44.779Z"}}, {"model": "users.datapoint", "pk": 33, "fields": {"name": "test obj1 29", "object": 1, "value": 16.58888453466603, "project_name": "Project 1", "object_name": "obj1", "created_date": "2023-07-10T17:32:44.779Z"}}, {"model": "users.datapoint", "pk": 34, "fields": {"name": "test obj1 30", "object": 1, "value": 89.70478770799654, "project_name": "Project 1", "object_name": "obj1", "created_date": "2023-07-10T17:32:44.780Z"}}, {"model": "users.datapoint", "pk": 35, "fields": {"name": "test obj1 31", "object": 1, "value": 76.43609032008287, "project_name": "Project 1", "object_name": "obj1", "created_date": "2023-07-10T17:32:44.781Z"}}, {"model": "users.datapoint", "pk": 36, "fields": {"name": "test obj1 32", "object": 1, "value": 44.20309583368849, "project_name": "Project 1", "object_name": "obj1", "created_date": "2023-07-10T17:32:44.781Z"}}, {"model": "users.datapoint", "pk": 37, "fields": {"name": "test obj1 33", "object": 1, "value": 65.9794670100645, "project_name": "Project 1", "object_name": "obj1", "created_date": "2023-07-10T17:32:44.782Z"}}, {"model": "users.datapoint", "pk": 38, "fields": {"name": "test obj1 34", "object": 1, "value": 63.83090608546008, "project_name": "Project 1", "object_name": "obj1", "created_date": "2023-07-10T17:32:44.782Z"}}, {"model": "users.datapoint", "pk": 39, "fields": {"name": "test obj1 35", "object": 1, "value": 2.3465077661710296, "project_name": "Project 1", "object_name": "obj1", "created_date": "2023-07-10T17:32:44.783Z"}}, {"model": "users.datapoint", "pk": 40, "fields": {"name": "test obj1 36", "object": 1, "value": 16.184705679248935, "project_name": "Project 1", "object_name": "obj1", "created_date": "2023-07-10T17:32:44.784Z"}}, {"model": "users.datapoint", "pk": 41, "fields": {"name": "test obj1 37", "object": 1, "value": 96.42039401500298, "project_name": "Project 1", "object_name": "obj1", "created_date": "2023-07-10T17:32:44.784Z"}}, {"model": "users.datapoint", "pk": 42, "fields": {"name": "test obj1 38", "object": 1, "value": 85.88857753800347, "project_name": "Project 1", "object_name": "obj1", "created_date": "2023-07-10T17:32:44.785Z"}}, {"model": "users.datapoint", "pk": 43, "fields": {"name": "test obj1 39", "object": 1, "value": 57.081484808308595, "project_name": "Project 1", "object_name": "obj1", "created_date": "2023-07-10T17:32:44.786Z"}}, {"model": "users.datapoint", "pk": 44, "fields": {"name": "test obj1 40", "object": 1, "value": 62.020415654350806, "project_name": "Project 1", "object_name": "obj1", "created_date": "2023-07-10T17:32:44.786Z"}}, {"model": "users.datapoint", "pk": 45, "fields": {"name": "test obj1 41", "object": 1, "value": 29.482500013548595, "project_name": "Project 1", "object_name": "obj1", "created_date": "2023-07-10T17:32:44.787Z"}}, {"model": "users.datapoint", "pk": 46, "fields": {"name": "test obj1 42", "object": 1, "value": 82.68422683440669, "project_name": "Project 1", "object_name": "obj1", "created_date": "2023-07-10T17:32:44.788Z"}}, {"model": "users.datapoint", "pk": 47, "fields": {"name": "test obj1 43", "object": 1, "value": 75.21851130621977, "project_name": "Project 1", "object_name": "obj1", "created_date": "2023-07-10T17:32:44.788Z"}}, {"model": "users.datapoint", "pk": 48, "fields": {"name": "test obj1 44", "object": 1, "value": 62.1955296357148, "project_name": "Project 1", "object_name": "obj1", "created_date": "2023-07-10T17:32:44.789Z"}}, {"model": "users.datapoint", "pk": 49, "fields": {"name": "test obj1 45", "object": 1, "value": 16.490597264625073, "project_name": "Project 1", "object_name": "obj1", "created_date": "2023-07-10T17:32:44.790Z"}}, {"model": "users.datapoint", "pk": 50, "fields": {"name": "test obj1 46", "object": 1, "value": 44.671506906383094, "project_name": "Project 1", "object_name": "obj1", "created_date": "2023-07-10T17:32:44.790Z"}}, {"model": "users.datapoint", "pk": 51, "fields": {"name": "test obj1 47", "object": 1, "value": 18.833421610232268, "project_name": "Project 1", "object_name": "obj1", "created_date": "2023-07-10T17:32:44.791Z"}}, {"model": "users.datapoint", "pk": 52, "fields": {"name": "test obj1 48", "object": 1, "value": 13.593645691254656, "project_name": "Project 1", "object_name": "obj1", "created_date": "2023-07-10T17:32:44.791Z"}}, {"model": "users.datapoint", "pk": 53, "fields": {"name": "test obj1 49", "object": 1, "value": 3.64461251090161, "project_name": "Project 1", "object_name": "obj1", "created_date": "2023-07-10T17:32:44.792Z"}}, {"model": "users.datapoint", "pk": 54, "fields": {"name": "test obj1 50", "object": 1, "value": 55.2675459598922, "project_name": "Project 1", "object_name": "obj1", "created_date": "2023-07-10T17:32:44.793Z"}}, {"model": "users.datapoint", "pk": 55, "fields": {"name": "test obj1 51", "object": 1, "value": 69.26495998987835, "project_name": "Project 1", "object_name": "obj1", "created_date": "2023-07-10T17:32:44.794Z"}}, {"model": "users.datapoint", "pk": 56, "fields": {"name": "test obj1 52", "object": 1, "value": 5.46015407633141, "project_name": "Project 1", "object_name": "obj1", "created_date": "2023-07-10T17:32:44.794Z"}}, {"model": "users.datapoint", "pk": 57, "fields": {"name": "test obj1 53", "object": 1, "value": 96.32602475159439, "project_name": "Project 1", "object_name": "obj1", "created_date": "2023-07-10T17:32:44.795Z"}}, {"model": "users.datapoint", "pk": 58, "fields": {"name": "test obj1 54", "object": 1, "value": 14.909160398805945, "project_name": "Project 1", "object_name": "obj1", "created_date": "2023-07-10T17:32:44.795Z"}}, {"model": "users.datapoint", "pk": 59, "fields": {"name": "test obj1 55", "object": 1, "value": 55.16236133379073, "project_name": "Project 1", "object_name": "obj1", "created_date": "2023-07-10T17:32:44.796Z"}}, {"model": "users.datapoint", "pk": 60, "fields": {"name": "test obj1 56", "object": 1, "value": 57.45602890425796, "project_name": "Project 1", "object_name": "obj1", "created_date": "2023-07-10T17:32:44.797Z"}}, {"model": "users.datapoint", "pk": 61, "fields": {"name": "test obj1 57", "object": 1, "value": 86.83417149068192, "project_name": "Project 1", "object_name": "obj1", "created_date": "2023-07-10T17:32:44.798Z"}}, {"model": "users.datapoint", "pk": 62, "fields": {"name": "test obj1 58", "object": 1, "value": 29.17617575527513, "project_name": "Project 1", "object_name": "obj1", "created_date": "2023-07-10T17:32:44.798Z"}}, {"model": "users.datapoint", "pk": 63, "fields": {"name": "test obj1 59", "object": 1, "value": 18.717505292308118, "project_name": "Project 1", "object_name": "obj1", "created_date": "2023-07-10T17:32:44.799Z"}}, {"model": "users.datapoint", "pk": 64, "fields": {"name": "test obj1 60", "object": 1, "value": 17.72988414821099, "project_name": "Project 1", "object_name": "obj1", "created_date": "2023-07-10T17:32:44.800Z"}}, {"model": "users.datapoint", "pk": 65, "fields": {"name": "test obj1 61", "object": 1, "value": 78.70576395823842, "project_name": "Project 1", "object_name": "obj1", "created_date": "2023-07-10T17:32:44.800Z"}}, {"model": "users.datapoint", "pk": 66, "fields": {"name": "test obj1 62", "object": 1, "value": 93.36065436922918, "project_name": "Project 1", "object_name": "obj1", "created_date": "2023-07-10T17:32:44.801Z"}}, {"model": "users.datapoint", "pk": 67, "fields": {"name": "test obj1 63", "object": 1, "value": 92.50807971254085, "project_name": "Project 1", "object_name": "obj1", "created_date": "2023-07-10T17:32:44.801Z"}}, {"model": "users.datapoint", "pk": 68, "fields": {"name": "test obj1 64", "object": 1, "value": 3.673997844243752, "project_name": "Project 1", "object_name": "obj1", "created_date": "2023-07-10T17:32:44.802Z"}}, {"model": "users.datapoint", "pk": 69, "fields": {"name": "test obj1 65", "object": 1, "value": 40.895895319256866, "project_name": "Project 1", "object_name": "obj1", "created_date": "2023-07-10T17:32:44.803Z"}}, {"model": "users.datapoint", "pk": 70, "fields": {"name": "test obj1 66", "object": 1, "value": 90.31952618006477, "project_name": "Project 1", "object_name": "obj1", "created_date": "2023-07-10T17:32:44.803Z"}}, {"model": "users.datapoint", "pk": 71, "fields": {"name": "test obj1 67", "object": 1, "value": 55.76094885222995, "project_name": "Project 1", "object_name": "obj1", "created_date": "2023-07-10T17:32:44.804Z"}}, {"model": "users.datapoint", "pk": 72, "fields": {"name": "test obj1 68", "object": 1, "value": 61.406071922986555, "project_name": "Project 1", "object_name": "obj1", "created_date": "2023-07-10T17:32:44.805Z"}}, {"model": "users.datapoint", "pk": 73, "fields": {"name": "test obj1 69", "object": 1, "value": 92.78635738948458, "project_name": "Project 1", "object_name": "obj1", "created_date": "2023-07-10T17:32:44.805Z"}}, {"model": "users.datapoint", "pk": 74, "fields": {"name": "test obj1 70", "object": 1, "value": 15.063111874785896, "project_name": "Project 1", "object_name": "obj1", "created_date": "2023-07-10T17:32:44.806Z"}}, {"model": "users.datapoint", "pk": 75, "fields": {"name": "test obj1 71", "object": 1, "value": 77.84607265099815, "project_name": "Project 1", "object_name": "obj1", "created_date": "2023-07-10T17:32:44.807Z"}}, {"model": "users.datapoint", "pk": 76, "fields": {"name": "test obj1 72", "object": 1, "value": 52.88188731688168, "project_name": "Project 1", "object_name": "obj1", "created_date": "2023-07-10T17:32:44.807Z"}}, {"model": "users.datapoint", "pk": 77, "fields": {"name": "test obj1 73", "object": 1, "value": 35.99321407266057, "project_name": "Project 1", "object_name": "obj1", "created_date": "2023-07-10T17:32:44.808Z"}}, {"model": "users.datapoint", "pk": 78, "fields": {"name": "test obj1 74", "object": 1, "value": 55.515726895133305, "project_name": "Project 1", "object_name": "obj1", "created_date": "2023-07-10T17:32:44.808Z"}}, {"model": "users.datapoint", "pk": 79, "fields": {"name": "test obj1 75", "object": 1, "value": 41.53931667009658, "project_name": "Project 1", "object_name": "obj1", "created_date": "2023-07-10T17:32:44.809Z"}}, {"model": "users.datapoint", "pk": 80, "fields": {"name": "test obj1 76", "object": 1, "value": 44.751674385800285, "project_name": "Project 1", "object_name": "obj1", "created_date": "2023-07-10T17:32:44.810Z"}}, {"model": "users.datapoint", "pk": 81, "fields": {"name": "test obj1 77", "object": 1, "value": 9.619002545422182, "project_name": "Project 1", "object_name": "obj1", "created_date": "2023-07-10T17:32:44.810Z"}}, {"model": "users.datapoint", "pk": 82, "fields": {"name": "test obj1 78", "object": 1, "value": 20.400248468949066, "project_name": "Project 1", "object_name": "obj1", "created_date": "2023-07-10T17:32:44.811Z"}}, {"model": "users.datapoint", "pk": 83, "fields": {"name": "test obj1 79", "object": 1, "value": 32.711959928593586, "project_name": "Project 1", "object_name": "obj1", "created_date": "2023-07-10T17:32:44.812Z"}}, {"model": "users.datapoint", "pk": 84, "fields": {"name": "test obj1 80", "object": 1, "value": 99.1414741899789, "project_name": "Project 1", "object_name": "obj1", "created_date": "2023-07-10T17:32:44.812Z"}}, {"model": "users.datapoint", "pk": 85, "fields": {"name": "test obj1 81", "object": 1, "value": 5.162449113138536, "project_name": "Project 1", "object_name": "obj1", "created_date": "2023-07-10T17:32:44.813Z"}}, {"model": "users.datapoint", "pk": 86, "fields": {"name": "test obj1 82", "object": 1, "value": 62.58467093877212, "project_name": "Project 1", "object_name": "obj1", "created_date": "2023-07-10T17:32:44.814Z"}}, {"model": "users.datapoint", "pk": 87, "fields": {"name": "test obj1 83", "object": 1, "value": 21.66801621718973, "project_name": "Project 1", "object_name": "obj1", "created_date": "2023-07-10T17:32:44.814Z"}}, {"model": "users.datapoint", "pk": 88, "fields": {"name": "test obj1 84", "object": 1, "value": 8.378107436464617, "project_name": "Project 1", "object_name": "obj1", "created_date": "2023-07-10T17:32:44.815Z"}}, {"model": "users.datapoint", "pk": 89, "fields": {"name": "test obj1 85", "object": 1, "value": 59.67883880029121, "project_name": "Project 1", "object_name": "obj1", "created_date": "2023-07-10T17:32:44.816Z"}}, {"model": "users.datapoint", "pk": 90, "fields": {"name": "test obj1 86", "object": 1, "value": 15.40331470896424, "project_name": "Project 1", "object_name": "obj1", "created_date": "2023-07-10T17:32:44.816Z"}}, {"model": "users.datapoint", "pk": 91, "fields": {"name": "test obj1 87", "object": 1, "value": 50.914723638131896, "project_name": "Project 1", "object_name": "obj1", "created_date": "2023-07-10T17:32:44.817Z"}}, {"model": "users.datapoint", "pk": 92, "fields": {"name": "test obj1 88", "object": 1, "value": 51.86415962980211, "project_name": "Project 1", "object_name": "obj1", "created_date": "2023-07-10T17:32:44.818Z"}}, {"model": "users.datapoint", "pk": 93, "fields": {"name": "test obj1 89", "object": 1, "value": 6.490142974159013, "project_name": "Project 1", "object_name": "obj1", "created_date": "2023-07-10T17:32:44.818Z"}}, {"model": "users.datapoint", "pk": 94, "fields": {"name": "test obj1 90", "object": 1, "value": 28.496721816479457, "project_name": "Project 1", "object_name": "obj1", "created_date": "2023-07-10T17:32:44.819Z"}}, {"model": "users.datapoint", "pk": 95, "fields": {"name": "test obj1 91", "object": 1, "value": 1.4604960662867432, "project_name": "Project 1", "object_name": "obj1", "created_date": "2023-07-10T17:32:44.819Z"}}, {"model": "users.datapoint", "pk": 96, "fields": {"name": "test obj1 92", "object": 1, "value": 54.573091272268414, "project_name": "Project 1", "object_name": "obj1", "created_date": "2023-07-10T17:32:44.820Z"}}, {"model": "users.datapoint", "pk": 97, "fields": {"name": "test obj1 93", "object": 1, "value": 44.80280415262442, "project_name": "Project 1", "object_name": "obj1", "created_date": "2023-07-10T17:32:44.821Z"}}, {"model": "users.datapoint", "pk": 98, "fields": {"name": "test obj1 94", "object": 1, "value": 55.500484035962664, "project_name": "Project 1", "object_name": "obj1", "created_date": "2023-07-10T17:32:44.821Z"}}, {"model": "users.datapoint", "pk": 99, "fields": {"name": "test obj1 95", "object": 1, "value": 31.175441163411126, "project_name": "Project 1", "object_name": "obj1", "created_date": "2023-07-10T17:32:44.822Z"}}, {"model": "users.datapoint", "pk": 100, "fields": {"name": "test obj1 96", "object": 1, "value": 47.74374498808683, "project_name": "Project 1", "object_name": "obj1", "created_date": "2023-07-10T17:32:44.823Z"}}, {"model": "users.datapoint", "pk": 101, "fields": {"name": "test obj1 97", "object": 1, "value": 55.02169046427018, "project_name": "Project 1", "object_name": "obj1", "created_date": "2023-07-10T17:32:44.823Z"}}, {"model": "users.datapoint", "pk": 102, "fields": {"name": "test obj1 98", "object": 1, "value": 91.6227190351013, "project_name": "Project 1", "object_name": "obj1", "created_date": "2023-07-10T17:32:44.824Z"}}, {"model": "users.datapoint", "pk": 103, "fields": {"name": "test obj1 99", "object": 1, "value": 17.977836100225044, "project_name": "Project 1", "object_name": "obj1", "created_date": "2023-07-10T17:32:44.825Z"}}, {"model": "users.datapoint", "pk": 104, "fields": {"name": "test obj2 0", "object": 2, "value": 70.38426632100888, "project_name": "Project 1", "object_name": "obj2", "created_date": "2023-07-10T17:32:44.825Z"}}, {"model": "users.datapoint", "pk": 105, "fields": {"name": "test obj2 1", "object": 2, "value": 25.649622337884505, "project_name": "Project 1", "object_name": "obj2", "created_date": "2023-07-10T17:32:44.826Z"}}, {"model": "users.datapoint", "pk": 106, "fields": {"name": "test obj2 2", "object": 2, "value": 61.58652273324761, "project_name": "Project 1", "object_name": "obj2", "created_date": "2023-07-10T17:32:44.827Z"}}, {"model": "users.datapoint", "pk": 107, "fields": {"name": "test obj2 3", "object": 2, "value": 52.34430281370973, "project_name": "Project 1", "object_name": "obj2", "created_date": "2023-07-10T17:32:44.827Z"}}, {"model": "users.datapoint", "pk": 108, "fields": {"name": "test obj2 4", "object": 2, "value": 23.276492936257068, "project_name": "Project 1", "object_name": "obj2", "created_date": "2023-07-10T17:32:44.828Z"}}, {"model": "users.datapoint", "pk": 109, "fields": {"name": "test obj2 5", "object": 2, "value": 14.25937614179157, "project_name": "Project 1", "object_name": "obj2", "created_date": "2023-07-10T17:32:44.829Z"}}, {"model": "users.datapoint", "pk": 110, "fields": {"name": "test obj2 6", "object": 2, "value": 22.832309445842196, "project_name": "Project 1", "object_name": "obj2", "created_date": "2023-07-10T17:32:44.829Z"}}, {"model": "users.datapoint", "pk": 111, "fields": {"name": "test obj2 7", "object": 2, "value": 47.25476800458658, "project_name": "Project 1", "object_name": "obj2", "created_date": "2023-07-10T17:32:44.830Z"}}, {"model": "users.datapoint", "pk": 112, "fields": {"name": "test obj2 8", "object": 2, "value": 59.81552570356752, "project_name": "Project 1", "object_name": "obj2", "created_date": "2023-07-10T17:32:44.831Z"}}, {"model": "users.datapoint", "pk": 113, "fields": {"name": "test obj2 9", "object": 2, "value": 80.70625234962034, "project_name": "Project 1", "object_name": "obj2", "created_date": "2023-07-10T17:32:44.831Z"}}, {"model": "users.datapoint", "pk": 114, "fields": {"name": "test obj2 10", "object": 2, "value": 98.75643222553346, "project_name": "Project 1", "object_name": "obj2", "created_date": "2023-07-10T17:32:44.832Z"}}, {"model": "users.datapoint", "pk": 115, "fields": {"name": "test obj2 11", "object": 2, "value": 57.02295616785302, "project_name": "Project 1", "object_name": "obj2", "created_date": "2023-07-10T17:32:44.832Z"}}, {"model": "users.datapoint", "pk": 116, "fields": {"name": "test obj2 12", "object": 2, "value": 17.47834167407759, "project_name": "Project 1", "object_name": "obj2", "created_date": "2023-07-10T17:32:44.833Z"}}, {"model": "users.datapoint", "pk": 117, "fields": {"name": "test obj2 13", "object": 2, "value": 95.37288756473352, "project_name": "Project 1", "object_name": "obj2", "created_date": "2023-07-10T17:32:44.834Z"}}, {"model": "users.datapoint", "pk": 118, "fields": {"name": "test obj2 14", "object": 2, "value": 55.08620382290407, "project_name": "Project 1", "object_name": "obj2", "created_date": "2023-07-10T17:32:44.835Z"}}, {"model": "users.datapoint", "pk": 119, "fields": {"name": "test obj2 15", "object": 2, "value": 76.68544919444831, "project_name": "Project 1", "object_name": "obj2", "created_date": "2023-07-10T17:32:44.836Z"}}, {"model": "users.datapoint", "pk": 120, "fields": {"name": "test obj2 16", "object": 2, "value": 92.73508471212962, "project_name": "Project 1", "object_name": "obj2", "created_date": "2023-07-10T17:32:44.836Z"}}, {"model": "users.datapoint", "pk": 121, "fields": {"name": "test obj2 17", "object": 2, "value": 60.60056014306328, "project_name": "Project 1", "object_name": "obj2", "created_date": "2023-07-10T17:32:44.837Z"}}, {"model": "users.datapoint", "pk": 122, "fields": {"name": "test obj2 18", "object": 2, "value": 59.399586724831444, "project_name": "Project 1", "object_name": "obj2", "created_date": "2023-07-10T17:32:44.838Z"}}, {"model": "users.datapoint", "pk": 123, "fields": {"name": "test obj2 19", "object": 2, "value": 86.8287149031571, "project_name": "Project 1", "object_name": "obj2", "created_date": "2023-07-10T17:32:44.838Z"}}, {"model": "users.datapoint", "pk": 124, "fields": {"name": "test obj2 20", "object": 2, "value": 31.23449364818708, "project_name": "Project 1", "object_name": "obj2", "created_date": "2023-07-10T17:32:44.839Z"}}, {"model": "users.datapoint", "pk": 125, "fields": {"name": "test obj2 21", "object": 2, "value": 12.83649615109504, "project_name": "Project 1", "object_name": "obj2", "created_date": "2023-07-10T17:32:44.840Z"}}, {"model": "users.datapoint", "pk": 126, "fields": {"name": "test obj2 22", "object": 2, "value": 89.97917825085983, "project_name": "Project 1", "object_name": "obj2", "created_date": "2023-07-10T17:32:44.840Z"}}, {"model": "users.datapoint", "pk": 127, "fields": {"name": "test obj2 23", "object": 2, "value": 58.636742251682925, "project_name": "Project 1", "object_name": "obj2", "created_date": "2023-07-10T17:32:44.841Z"}}, {"model": "users.datapoint", "pk": 128, "fields": {"name": "test obj2 24", "object": 2, "value": 26.991509889684448, "project_name": "Project 1", "object_name": "obj2", "created_date": "2023-07-10T17:32:44.842Z"}}, {"model": "users.datapoint", "pk": 129, "fields": {"name": "test obj2 25", "object": 2, "value": 31.52206203915372, "project_name": "Project 1", "object_name": "obj2", "created_date": "2023-07-10T17:32:44.842Z"}}, {"model": "users.datapoint", "pk": 130, "fields": {"name": "test obj2 26", "object": 2, "value": 55.41557578973274, "project_name": "Project 1", "object_name": "obj2", "created_date": "2023-07-10T17:32:44.843Z"}}, {"model": "users.datapoint", "pk": 131, "fields": {"name": "test obj2 27", "object": 2, "value": 80.56503576536223, "project_name": "Project 1", "object_name": "obj2", "created_date": "2023-07-10T17:32:44.844Z"}}, {"model": "users.datapoint", "pk": 132, "fields": {"name": "test obj2 28", "object": 2, "value": 52.44287649728893, "project_name": "Project 1", "object_name": "obj2", "created_date": "2023-07-10T17:32:44.844Z"}}, {"model": "users.datapoint", "pk": 133, "fields": {"name": "test obj2 29", "object": 2, "value": 31.702789358682697, "project_name": "Project 1", "object_name": "obj2", "created_date": "2023-07-10T17:32:44.845Z"}}, {"model": "users.datapoint", "pk": 134, "fields": {"name": "test obj2 30", "object": 2, "value": 28.208671554664885, "project_name": "Project 1", "object_name": "obj2", "created_date": "2023-07-10T17:32:44.846Z"}}, {"model": "users.datapoint", "pk": 135, "fields": {"name": "test obj2 31", "object": 2, "value": 82.80274078284957, "project_name": "Project 1", "object_name": "obj2", "created_date": "2023-07-10T17:32:44.846Z"}}, {"model": "users.datapoint", "pk": 136, "fields": {"name": "test obj2 32", "object": 2, "value": 44.22416567655753, "project_name": "Project 1", "object_name": "obj2", "created_date": "2023-07-10T17:32:44.847Z"}}, {"model": "users.datapoint", "pk": 137, "fields": {"name": "test obj2 33", "object": 2, "value": 99.7405080658173, "project_name": "Project 1", "object_name": "obj2", "created_date": "2023-07-10T17:32:44.848Z"}}, {"model": "users.datapoint", "pk": 138, "fields": {"name": "test obj2 34", "object": 2, "value": 40.96521399856283, "project_name": "Project 1", "object_name": "obj2", "created_date": "2023-07-10T17:32:44.848Z"}}, {"model": "users.datapoint", "pk": 139, "fields": {"name": "test obj2 35", "object": 2, "value": 87.43453120767137, "project_name": "Project 1", "object_name": "obj2", "created_date": "2023-07-10T17:32:44.849Z"}}, {"model": "users.datapoint", "pk": 140, "fields": {"name": "test obj2 36", "object": 2, "value": 37.41662166296255, "project_name": "Project 1", "object_name": "obj2", "created_date": "2023-07-10T17:32:44.850Z"}}, {"model": "users.datapoint", "pk": 141, "fields": {"name": "test obj2 37", "object": 2, "value": 84.27255090449009, "project_name": "Project 1", "object_name": "obj2", "created_date": "2023-07-10T17:32:44.850Z"}}, {"model": "users.datapoint", "pk": 142, "fields": {"name": "test obj2 38", "object": 2, "value": 44.993607547302105, "project_name": "Project 1", "object_name": "obj2", "created_date": "2023-07-10T17:32:44.851Z"}}, {"model": "users.datapoint", "pk": 143, "fields": {"name": "test obj2 39", "object": 2, "value": 58.95813979939249, "project_name": "Project 1", "object_name": "obj2", "created_date": "2023-07-10T17:32:44.852Z"}}, {"model": "users.datapoint", "pk": 144, "fields": {"name": "test obj2 40", "object": 2, "value": 30.382534134285216, "project_name": "Project 1", "object_name": "obj2", "created_date": "2023-07-10T17:32:44.853Z"}}, {"model": "users.datapoint", "pk": 145, "fields": {"name": "test obj2 41", "object": 2, "value": 30.08885227229596, "project_name": "Project 1", "object_name": "obj2", "created_date": "2023-07-10T17:32:44.853Z"}}, {"model": "users.datapoint", "pk": 146, "fields": {"name": "test obj2 42", "object": 2, "value": 21.463827463177363, "project_name": "Project 1", "object_name": "obj2", "created_date": "2023-07-10T17:32:44.854Z"}}, {"model": "users.datapoint", "pk": 147, "fields": {"name": "test obj2 43", "object": 2, "value": 80.30548199434699, "project_name": "Project 1", "object_name": "obj2", "created_date": "2023-07-10T17:32:44.855Z"}}, {"model": "users.datapoint", "pk": 148, "fields": {"name": "test obj2 44", "object": 2, "value": 36.06778205388249, "project_name": "Project 1", "object_name": "obj2", "created_date": "2023-07-10T17:32:44.855Z"}}, {"model": "users.datapoint", "pk": 149, "fields": {"name": "test obj2 45", "object": 2, "value": 62.84905131559773, "project_name": "Project 1", "object_name": "obj2", "created_date": "2023-07-10T17:32:44.856Z"}}, {"model": "users.datapoint", "pk": 150, "fields": {"name": "test obj2 46", "object": 2, "value": 3.6126729572030833, "project_name": "Project 1", "object_name": "obj2", "created_date": "2023-07-10T17:32:44.857Z"}}, {"model": "users.datapoint", "pk": 151, "fields": {"name": "test obj2 47", "object": 2, "value": 18.310719371288627, "project_name": "Project 1", "object_name": "obj2", "created_date": "2023-07-10T17:32:44.857Z"}}, {"model": "users.datapoint", "pk": 152, "fields": {"name": "test obj2 48", "object": 2, "value": 63.12898952783609, "project_name": "Project 1", "object_name": "obj2", "created_date": "2023-07-10T17:32:44.858Z"}}, {"model": "users.datapoint", "pk": 153, "fields": {"name": "test obj2 49", "object": 2, "value": 53.26119723147607, "project_name": "Project 1", "object_name": "obj2", "created_date": "2023-07-10T17:32:44.858Z"}}, {"model": "users.datapoint", "pk": 154, "fields": {"name": "test obj2 50", "object": 2, "value": 88.3435314210204, "project_name": "Project 1", "object_name": "obj2", "created_date": "2023-07-10T17:32:44.859Z"}}, {"model": "users.datapoint", "pk": 155, "fields": {"name": "test obj2 51", "object": 2, "value": 78.86535942511719, "project_name": "Project 1", "object_name": "obj2", "created_date": "2023-07-10T17:32:44.860Z"}}, {"model": "users.datapoint", "pk": 156, "fields": {"name": "test obj2 52", "object": 2, "value": 96.31207258424153, "project_name": "Project 1", "object_name": "obj2", "created_date": "2023-07-10T17:32:44.860Z"}}, {"model": "users.datapoint", "pk": 157, "fields": {"name": "test obj2 53", "object": 2, "value": 40.01120333562406, "project_name": "Project 1", "object_name": "obj2", "created_date": "2023-07-10T17:32:44.861Z"}}, {"model": "users.datapoint", "pk": 158, "fields": {"name": "test obj2 54", "object": 2, "value": 91.90136995214978, "project_name": "Project 1", "object_name": "obj2", "created_date": "2023-07-10T17:32:44.862Z"}}, {"model": "users.datapoint", "pk": 159, "fields": {"name": "test obj2 55", "object": 2, "value": 47.09719933998421, "project_name": "Project 1", "object_name": "obj2", "created_date": "2023-07-10T17:32:44.862Z"}}, {"model": "users.datapoint", "pk": 160, "fields": {"name": "test obj2 56", "object": 2, "value": 20.950688612003013, "project_name": "Project 1", "object_name": "obj2", "created_date": "2023-07-10T17:32:44.863Z"}}, {"model": "users.datapoint", "pk": 161, "fields": {"name": "test obj2 57", "object": 2, "value": 60.55383059269698, "project_name": "Project 1", "object_name": "obj2", "created_date": "2023-07-10T17:32:44.864Z"}}, {"model": "users.datapoint", "pk": 162, "fields": {"name": "test obj2 58", "object": 2, "value": 24.885612830323794, "project_name": "Project 1", "object_name": "obj2", "created_date": "2023-07-10T17:32:44.865Z"}}, {"model": "users.datapoint", "pk": 163, "fields": {"name": "test obj2 59", "object": 2, "value": 73.43558112863748, "project_name": "Project 1", "object_name": "obj2", "created_date": "2023-07-10T17:32:44.865Z"}}, {"model": "users.datapoint", "pk": 164, "fields": {"name": "test obj2 60", "object": 2, "value": 48.64450294667038, "project_name": "Project 1", "object_name": "obj2", "created_date": "2023-07-10T17:32:44.866Z"}}, {"model": "users.datapoint", "pk": 165, "fields": {"name": "test obj2 61", "object": 2, "value": 49.48545815807419, "project_name": "Project 1", "object_name": "obj2", "created_date": "2023-07-10T17:32:44.867Z"}}, {"model": "users.datapoint", "pk": 166, "fields": {"name": "test obj2 62", "object": 2, "value": 11.986656238482556, "project_name": "Project 1", "object_name": "obj2", "created_date": "2023-07-10T17:32:44.867Z"}}, {"model": "users.datapoint", "pk": 167, "fields": {"name": "test obj2 63", "object": 2, "value": 3.3848531797247348, "project_name": "Project 1", "object_name": "obj2", "created_date": "2023-07-10T17:32:44.868Z"}}, {"model": "users.datapoint", "pk": 168, "fields": {"name": "test obj2 64", "object": 2, "value": 29.042978451263814, "project_name": "Project 1", "object_name": "obj2", "created_date": "2023-07-10T17:32:44.869Z"}}, {"model": "users.datapoint", "pk": 169, "fields": {"name": "test obj2 65", "object": 2, "value": 74.0009246134143, "project_name": "Project 1", "object_name": "obj2", "created_date": "2023-07-10T17:32:44.869Z"}}, {"model": "users.datapoint", "pk": 170, "fields": {"name": "test obj2 66", "object": 2, "value": 73.3368689987225, "project_name": "Project 1", "object_name": "obj2", "created_date": "2023-07-10T17:32:44.870Z"}}, {"model": "users.datapoint", "pk": 171, "fields": {"name": "test obj2 67", "object": 2, "value": 61.37648234999836, "project_name": "Project 1", "object_name": "obj2", "created_date": "2023-07-10T17:32:44.871Z"}}, {"model": "users.datapoint", "pk": 172, "fields": {"name": "test obj2 68", "object": 2, "value": 59.08106592499612, "project_name": "Project 1", "object_name": "obj2", "created_date": "2023-07-10T17:32:44.871Z"}}, {"model": "users.datapoint", "pk": 173, "fields": {"name": "test obj2 69", "object": 2, "value": 10.241691051953469, "project_name": "Project 1", "object_name": "obj2", "created_date": "2023-07-10T17:32:44.872Z"}}, {"model": "users.datapoint", "pk": 174, "fields": {"name": "test obj2 70", "object": 2, "value": 18.117450011669526, "project_name": "Project 1", "object_name": "obj2", "created_date": "2023-07-10T17:32:44.873Z"}}, {"model": "users.datapoint", "pk": 175, "fields": {"name": "test obj2 71", "object": 2, "value": 15.499683583871715, "project_name": "Project 1", "object_name": "obj2", "created_date": "2023-07-10T17:32:44.873Z"}}, {"model": "users.datapoint", "pk": 176, "fields": {"name": "test obj2 72", "object": 2, "value": 69.08564869164292, "project_name": "Project 1", "object_name": "obj2", "created_date": "2023-07-10T17:32:44.874Z"}}, {"model": "users.datapoint", "pk": 177, "fields": {"name": "test obj2 73", "object": 2, "value": 98.8294582457916, "project_name": "Project 1", "object_name": "obj2", "created_date": "2023-07-10T17:32:44.874Z"}}, {"model": "users.datapoint", "pk": 178, "fields": {"name": "test obj2 74", "object": 2, "value": 68.01752197416413, "project_name": "Project 1", "object_name": "obj2", "created_date": "2023-07-10T17:32:44.875Z"}}, {"model": "users.datapoint", "pk": 179, "fields": {"name": "test obj2 75", "object": 2, "value": 84.41257525362819, "project_name": "Project 1", "object_name": "obj2", "created_date": "2023-07-10T17:32:44.876Z"}}, {"model": "users.datapoint", "pk": 180, "fields": {"name": "test obj2 76", "object": 2, "value": 42.864902234938604, "project_name": "Project 1", "object_name": "obj2", "created_date": "2023-07-10T17:32:44.877Z"}}, {"model": "users.datapoint", "pk": 181, "fields": {"name": "test obj2 77", "object": 2, "value": 99.51788060998801, "project_name": "Project 1", "object_name": "obj2", "created_date": "2023-07-10T17:32:44.877Z"}}, {"model": "users.datapoint", "pk": 182, "fields": {"name": "test obj2 78", "object": 2, "value": 16.597259405834322, "project_name": "Project 1", "object_name": "obj2", "created_date": "2023-07-10T17:32:44.878Z"}}, {"model": "users.datapoint", "pk": 183, "fields": {"name": "test obj2 79", "object": 2, "value": 50.62460585538018, "project_name": "Project 1", "object_name": "obj2", "created_date": "2023-07-10T17:32:44.878Z"}}, {"model": "users.datapoint", "pk": 184, "fields": {"name": "test obj2 80", "object": 2, "value": 74.6713084156117, "project_name": "Project 1", "object_name": "obj2", "created_date": "2023-07-10T17:32:44.879Z"}}, {"model": "users.datapoint", "pk": 185, "fields": {"name": "test obj2 81", "object": 2, "value": 10.323406201962534, "project_name": "Project 1", "object_name": "obj2", "created_date": "2023-07-10T17:32:44.880Z"}}, {"model": "users.datapoint", "pk": 186, "fields": {"name": "test obj2 82", "object": 2, "value": 18.0667043488022, "project_name": "Project 1", "object_name": "obj2", "created_date": "2023-07-10T17:32:44.880Z"}}, {"model": "users.datapoint", "pk": 187, "fields": {"name": "test obj2 83", "object": 2, "value": 66.10407464322999, "project_name": "Project 1", "object_name": "obj2", "created_date": "2023-07-10T17:32:44.881Z"}}, {"model": "users.datapoint", "pk": 188, "fields": {"name": "test obj2 84", "object": 2, "value": 22.67348260743255, "project_name": "Project 1", "object_name": "obj2", "created_date": "2023-07-10T17:32:44.882Z"}}, {"model": "users.datapoint", "pk": 189, "fields": {"name": "test obj2 85", "object": 2, "value": 99.67587207509543, "project_name": "Project 1", "object_name": "obj2", "created_date": "2023-07-10T17:32:44.882Z"}}, {"model": "users.datapoint", "pk": 190, "fields": {"name": "test obj2 86", "object": 2, "value": 27.33662543857587, "project_name": "Project 1", "object_name": "obj2", "created_date": "2023-07-10T17:32:44.883Z"}}, {"model": "users.datapoint", "pk": 191, "fields": {"name": "test obj2 87", "object": 2, "value": 76.37231287941549, "project_name": "Project 1", "object_name": "obj2", "created_date": "2023-07-10T17:32:44.883Z"}}, {"model": "users.datapoint", "pk": 192, "fields": {"name": "test obj2 88", "object": 2, "value": 16.25415363599058, "project_name": "Project 1", "object_name": "obj2", "created_date": "2023-07-10T17:32:44.884Z"}}, {"model": "users.datapoint", "pk": 193, "fields": {"name": "test obj2 89", "object": 2, "value": 13.509019279467667, "project_name": "Project 1", "object_name": "obj2", "created_date": "2023-07-10T17:32:44.885Z"}}, {"model": "users.datapoint", "pk": 194, "fields": {"name": "test obj2 90", "object": 2, "value": 39.30941556281057, "project_name": "Project 1", "object_name": "obj2", "created_date": "2023-07-10T17:32:44.885Z"}}, {"model": "users.datapoint", "pk": 195, "fields": {"name": "test obj2 91", "object": 2, "value": 23.961651547624424, "project_name": "Project 1", "object_name": "obj2", "created_date": "2023-07-10T17:32:44.886Z"}}, {"model": "users.datapoint", "pk": 196, "fields": {"name": "test obj2 92", "object": 2, "value": 84.75187699956206, "project_name": "Project 1", "object_name": "obj2", "created_date": "2023-07-10T17:32:44.887Z"}}, {"model": "users.datapoint", "pk": 197, "fields": {"name": "test obj2 93", "object": 2, "value": 95.77921078815676, "project_name": "Project 1", "object_name": "obj2", "created_date": "2023-07-10T17:32:44.887Z"}}, {"model": "users.datapoint", "pk": 198, "fields": {"name": "test obj2 94", "object": 2, "value": 20.06524787894719, "project_name": "Project 1", "object_name": "obj2", "created_date": "2023-07-10T17:32:44.888Z"}}, {"model": "users.datapoint", "pk": 199, "fields": {"name": "test obj2 95", "object": 2, "value": 74.02348509944896, "project_name": "Project 1", "object_name": "obj2", "created_date": "2023-07-10T17:32:44.889Z"}}, {"model": "users.datapoint", "pk": 200, "fields": {"name": "test obj2 96", "object": 2, "value": 59.400403010219776, "project_name": "Project 1", "object_name": "obj2", "created_date": "2023-07-10T17:32:44.889Z"}}, {"model": "users.datapoint", "pk": 201, "fields": {"name": "test obj2 97", "object": 2, "value": 25.249071617184025, "project_name": "Project 1", "object_name": "obj2", "created_date": "2023-07-10T17:32:44.890Z"}}, {"model": "users.datapoint", "pk": 202, "fields": {"name": "test obj2 98", "object": 2, "value": 24.28269756621933, "project_name": "Project 1", "object_name": "obj2", "created_date": "2023-07-10T17:32:44.890Z"}}, {"model": "users.datapoint", "pk": 203, "fields": {"name": "test obj2 99", "object": 2, "value": 13.718155124564205, "project_name": "Project 1", "object_name": "obj2", "created_date": "2023-07-10T17:32:44.891Z"}}, {"model": "users.datapoint", "pk": 204, "fields": {"name": "test obj3 0", "object": 3, "value": 42.489141304876384, "project_name": "Project 1", "object_name": "obj3", "created_date": "2023-07-10T17:32:44.892Z"}}, {"model": "users.datapoint", "pk": 205, "fields": {"name": "test obj3 1", "object": 3, "value": 64.30820944538448, "project_name": "Project 1", "object_name": "obj3", "created_date": "2023-07-10T17:32:44.892Z"}}, {"model": "users.datapoint", "pk": 206, "fields": {"name": "test obj3 2", "object": 3, "value": 21.496156680871202, "project_name": "Project 1", "object_name": "obj3", "created_date": "2023-07-10T17:32:44.893Z"}}, {"model": "users.datapoint", "pk": 207, "fields": {"name": "test obj3 3", "object": 3, "value": 24.466110444821958, "project_name": "Project 1", "object_name": "obj3", "created_date": "2023-07-10T17:32:44.894Z"}}, {"model": "users.datapoint", "pk": 208, "fields": {"name": "test obj3 4", "object": 3, "value": 26.379315815087427, "project_name": "Project 1", "object_name": "obj3", "created_date": "2023-07-10T17:32:44.894Z"}}, {"model": "users.datapoint", "pk": 209, "fields": {"name": "test obj3 5", "object": 3, "value": 7.128385455876157, "project_name": "Project 1", "object_name": "obj3", "created_date": "2023-07-10T17:32:44.895Z"}}, {"model": "users.datapoint", "pk": 210, "fields": {"name": "test obj3 6", "object": 3, "value": 85.5377530710204, "project_name": "Project 1", "object_name": "obj3", "created_date": "2023-07-10T17:32:44.895Z"}}, {"model": "users.datapoint", "pk": 211, "fields": {"name": "test obj3 7", "object": 3, "value": 86.67837970974344, "project_name": "Project 1", "object_name": "obj3", "created_date": "2023-07-10T17:32:44.896Z"}}, {"model": "users.datapoint", "pk": 212, "fields": {"name": "test obj3 8", "object": 3, "value": 76.28424895707819, "project_name": "Project 1", "object_name": "obj3", "created_date": "2023-07-10T17:32:44.897Z"}}, {"model": "users.datapoint", "pk": 213, "fields": {"name": "test obj3 9", "object": 3, "value": 72.28924882354532, "project_name": "Project 1", "object_name": "obj3", "created_date": "2023-07-10T17:32:44.897Z"}}, {"model": "users.datapoint", "pk": 214, "fields": {"name": "test obj3 10", "object": 3, "value": 29.886426628042475, "project_name": "Project 1", "object_name": "obj3", "created_date": "2023-07-10T17:32:44.898Z"}}, {"model": "users.datapoint", "pk": 215, "fields": {"name": "test obj3 11", "object": 3, "value": 60.01576158972341, "project_name": "Project 1", "object_name": "obj3", "created_date": "2023-07-10T17:32:44.899Z"}}, {"model": "users.datapoint", "pk": 216, "fields": {"name": "test obj3 12", "object": 3, "value": 46.05175024904803, "project_name": "Project 1", "object_name": "obj3", "created_date": "2023-07-10T17:32:44.899Z"}}, {"model": "users.datapoint", "pk": 217, "fields": {"name": "test obj3 13", "object": 3, "value": 7.007881535598747, "project_name": "Project 1", "object_name": "obj3", "created_date": "2023-07-10T17:32:44.900Z"}}, {"model": "users.datapoint", "pk": 218, "fields": {"name": "test obj3 14", "object": 3, "value": 6.3402341787692835, "project_name": "Project 1", "object_name": "obj3", "created_date": "2023-07-10T17:32:44.900Z"}}, {"model": "users.datapoint", "pk": 219, "fields": {"name": "test obj3 15", "object": 3, "value": 8.409177431553449, "project_name": "Project 1", "object_name": "obj3", "created_date": "2023-07-10T17:32:44.901Z"}}, {"model": "users.datapoint", "pk": 220, "fields": {"name": "test obj3 16", "object": 3, "value": 24.367491266088503, "project_name": "Project 1", "object_name": "obj3", "created_date": "2023-07-10T17:32:44.902Z"}}, {"model": "users.datapoint", "pk": 221, "fields": {"name": "test obj3 17", "object": 3, "value": 11.850801080721629, "project_name": "Project 1", "object_name": "obj3", "created_date": "2023-07-10T17:32:44.902Z"}}, {"model": "users.datapoint", "pk": 222, "fields": {"name": "test obj3 18", "object": 3, "value": 49.70065385566848, "project_name": "Project 1", "object_name": "obj3", "created_date": "2023-07-10T17:32:44.903Z"}}, {"model": "users.datapoint", "pk": 223, "fields": {"name": "test obj3 19", "object": 3, "value": 53.450232460150374, "project_name": "Project 1", "object_name": "obj3", "created_date": "2023-07-10T17:32:44.904Z"}}, {"model": "users.datapoint", "pk": 224, "fields": {"name": "test obj3 20", "object": 3, "value": 22.906438464505523, "project_name": "Project 1", "object_name": "obj3", "created_date": "2023-07-10T17:32:44.904Z"}}, {"model": "users.datapoint", "pk": 225, "fields": {"name": "test obj3 21", "object": 3, "value": 49.031534917846464, "project_name": "Project 1", "object_name": "obj3", "created_date": "2023-07-10T17:32:44.905Z"}}, {"model": "users.datapoint", "pk": 226, "fields": {"name": "test obj3 22", "object": 3, "value": 76.89973575698718, "project_name": "Project 1", "object_name": "obj3", "created_date": "2023-07-10T17:32:44.906Z"}}, {"model": "users.datapoint", "pk": 227, "fields": {"name": "test obj3 23", "object": 3, "value": 49.92084981385753, "project_name": "Project 1", "object_name": "obj3", "created_date": "2023-07-10T17:32:44.906Z"}}, {"model": "users.datapoint", "pk": 228, "fields": {"name": "test obj3 24", "object": 3, "value": 44.64585272974295, "project_name": "Project 1", "object_name": "obj3", "created_date": "2023-07-10T17:32:44.907Z"}}, {"model": "users.datapoint", "pk": 229, "fields": {"name": "test obj3 25", "object": 3, "value": 49.92703185697253, "project_name": "Project 1", "object_name": "obj3", "created_date": "2023-07-10T17:32:44.908Z"}}, {"model": "users.datapoint", "pk": 230, "fields": {"name": "test obj3 26", "object": 3, "value": 46.21923814463499, "project_name": "Project 1", "object_name": "obj3", "created_date": "2023-07-10T17:32:44.908Z"}}, {"model": "users.datapoint", "pk": 231, "fields": {"name": "test obj3 27", "object": 3, "value": 3.425134945631994, "project_name": "Project 1", "object_name": "obj3", "created_date": "2023-07-10T17:32:44.909Z"}}, {"model": "users.datapoint", "pk": 232, "fields": {"name": "test obj3 28", "object": 3, "value": 34.15965534329604, "project_name": "Project 1", "object_name": "obj3", "created_date": "2023-07-10T17:32:44.909Z"}}, {"model": "users.datapoint", "pk": 233, "fields": {"name": "test obj3 29", "object": 3, "value": 54.077340931423755, "project_name": "Project 1", "object_name": "obj3", "created_date": "2023-07-10T17:32:44.910Z"}}, {"model": "users.datapoint", "pk": 234, "fields": {"name": "test obj3 30", "object": 3, "value": 91.28355102626385, "project_name": "Project 1", "object_name": "obj3", "created_date": "2023-07-10T17:32:44.911Z"}}, {"model": "users.datapoint", "pk": 235, "fields": {"name": "test obj3 31", "object": 3, "value": 59.648938072608246, "project_name": "Project 1", "object_name": "obj3", "created_date": "2023-07-10T17:32:44.911Z"}}, {"model": "users.datapoint", "pk": 236, "fields": {"name": "test obj3 32", "object": 3, "value": 62.64451225963843, "project_name": "Project 1", "object_name": "obj3", "created_date": "2023-07-10T17:32:44.912Z"}}, {"model": "users.datapoint", "pk": 237, "fields": {"name": "test obj3 33", "object": 3, "value": 18.268656468993992, "project_name": "Project 1", "object_name": "obj3", "created_date": "2023-07-10T17:32:44.913Z"}}, {"model": "users.datapoint", "pk": 238, "fields": {"name": "test obj3 34", "object": 3, "value": 13.729981230602768, "project_name": "Project 1", "object_name": "obj3", "created_date": "2023-07-10T17:32:44.913Z"}}, {"model": "users.datapoint", "pk": 239, "fields": {"name": "test obj3 35", "object": 3, "value": 99.471995079673, "project_name": "Project 1", "object_name": "obj3", "created_date": "2023-07-10T17:32:44.914Z"}}, {"model": "users.datapoint", "pk": 240, "fields": {"name": "test obj3 36", "object": 3, "value": 21.227925227567194, "project_name": "Project 1", "object_name": "obj3", "created_date": "2023-07-10T17:32:44.915Z"}}, {"model": "users.datapoint", "pk": 241, "fields": {"name": "test obj3 37", "object": 3, "value": 61.49357182081566, "project_name": "Project 1", "object_name": "obj3", "created_date": "2023-07-10T17:32:44.915Z"}}, {"model": "users.datapoint", "pk": 242, "fields": {"name": "test obj3 38", "object": 3, "value": 21.877481226006577, "project_name": "Project 1", "object_name": "obj3", "created_date": "2023-07-10T17:32:44.916Z"}}, {"model": "users.datapoint", "pk": 243, "fields": {"name": "test obj3 39", "object": 3, "value": 15.052310985915804, "project_name": "Project 1", "object_name": "obj3", "created_date": "2023-07-10T17:32:44.917Z"}}, {"model": "users.datapoint", "pk": 244, "fields": {"name": "test obj3 40", "object": 3, "value": 82.09069230271604, "project_name": "Project 1", "object_name": "obj3", "created_date": "2023-07-10T17:32:44.918Z"}}, {"model": "users.datapoint", "pk": 245, "fields": {"name": "test obj3 41", "object": 3, "value": 59.70464109491773, "project_name": "Project 1", "object_name": "obj3", "created_date": "2023-07-10T17:32:44.919Z"}}, {"model": "users.datapoint", "pk": 246, "fields": {"name": "test obj3 42", "object": 3, "value": 77.16737744960346, "project_name": "Project 1", "object_name": "obj3", "created_date": "2023-07-10T17:32:44.919Z"}}, {"model": "users.datapoint", "pk": 247, "fields": {"name": "test obj3 43", "object": 3, "value": 40.68180564632788, "project_name": "Project 1", "object_name": "obj3", "created_date": "2023-07-10T17:32:44.920Z"}}, {"model": "users.datapoint", "pk": 248, "fields": {"name": "test obj3 44", "object": 3, "value": 87.31733921116587, "project_name": "Project 1", "object_name": "obj3", "created_date": "2023-07-10T17:32:44.921Z"}}, {"model": "users.datapoint", "pk": 249, "fields": {"name": "test obj3 45", "object": 3, "value": 72.30435411592126, "project_name": "Project 1", "object_name": "obj3", "created_date": "2023-07-10T17:32:44.921Z"}}, {"model": "users.datapoint", "pk": 250, "fields": {"name": "test obj3 46", "object": 3, "value": 28.433714074238903, "project_name": "Project 1", "object_name": "obj3", "created_date": "2023-07-10T17:32:44.922Z"}}, {"model": "users.datapoint", "pk": 251, "fields": {"name": "test obj3 47", "object": 3, "value": 22.662897352124496, "project_name": "Project 1", "object_name": "obj3", "created_date": "2023-07-10T17:32:44.923Z"}}, {"model": "users.datapoint", "pk": 252, "fields": {"name": "test obj3 48", "object": 3, "value": 81.464934051143, "project_name": "Project 1", "object_name": "obj3", "created_date": "2023-07-10T17:32:44.923Z"}}, {"model": "users.datapoint", "pk": 253, "fields": {"name": "test obj3 49", "object": 3, "value": 89.68206667111238, "project_name": "Project 1", "object_name": "obj3", "created_date": "2023-07-10T17:32:44.924Z"}}, {"model": "users.datapoint", "pk": 254, "fields": {"name": "test obj3 50", "object": 3, "value": 64.55106921451622, "project_name": "Project 1", "object_name": "obj3", "created_date": "2023-07-10T17:32:44.925Z"}}, {"model": "users.datapoint", "pk": 255, "fields": {"name": "test obj3 51", "object": 3, "value": 22.44161502285943, "project_name": "Project 1", "object_name": "obj3", "created_date": "2023-07-10T17:32:44.925Z"}}, {"model": "users.datapoint", "pk": 256, "fields": {"name": "test obj3 52", "object": 3, "value": 22.590630691317315, "project_name": "Project 1", "object_name": "obj3", "created_date": "2023-07-10T17:32:44.926Z"}}, {"model": "users.datapoint", "pk": 257, "fields": {"name": "test obj3 53", "object": 3, "value": 93.21695585645811, "project_name": "Project 1", "object_name": "obj3", "created_date": "2023-07-10T17:32:44.927Z"}}, {"model": "users.datapoint", "pk": 258, "fields": {"name": "test obj3 54", "object": 3, "value": 6.318527623876563, "project_name": "Project 1", "object_name": "obj3", "created_date": "2023-07-10T17:32:44.927Z"}}, {"model": "users.datapoint", "pk": 259, "fields": {"name": "test obj3 55", "object": 3, "value": 91.30860952379308, "project_name": "Project 1", "object_name": "obj3", "created_date": "2023-07-10T17:32:44.928Z"}}, {"model": "users.datapoint", "pk": 260, "fields": {"name": "test obj3 56", "object": 3, "value": 67.61546237873466, "project_name": "Project 1", "object_name": "obj3", "created_date": "2023-07-10T17:32:44.928Z"}}, {"model": "users.datapoint", "pk": 261, "fields": {"name": "test obj3 57", "object": 3, "value": 49.86515537112188, "project_name": "Project 1", "object_name": "obj3", "created_date": "2023-07-10T17:32:44.929Z"}}, {"model": "users.datapoint", "pk": 262, "fields": {"name": "test obj3 58", "object": 3, "value": 5.6358978407982905, "project_name": "Project 1", "object_name": "obj3", "created_date": "2023-07-10T17:32:44.930Z"}}, {"model": "users.datapoint", "pk": 263, "fields": {"name": "test obj3 59", "object": 3, "value": 95.32421605604641, "project_name": "Project 1", "object_name": "obj3", "created_date": "2023-07-10T17:32:44.930Z"}}, {"model": "users.datapoint", "pk": 264, "fields": {"name": "test obj3 60", "object": 3, "value": 50.78458690000242, "project_name": "Project 1", "object_name": "obj3", "created_date": "2023-07-10T17:32:44.931Z"}}, {"model": "users.datapoint", "pk": 265, "fields": {"name": "test obj3 61", "object": 3, "value": 61.62976071015175, "project_name": "Project 1", "object_name": "obj3", "created_date": "2023-07-10T17:32:44.932Z"}}, {"model": "users.datapoint", "pk": 266, "fields": {"name": "test obj3 62", "object": 3, "value": 31.63689187276602, "project_name": "Project 1", "object_name": "obj3", "created_date": "2023-07-10T17:32:44.932Z"}}, {"model": "users.datapoint", "pk": 267, "fields": {"name": "test obj3 63", "object": 3, "value": 3.3787876016192273, "project_name": "Project 1", "object_name": "obj3", "created_date": "2023-07-10T17:32:44.933Z"}}, {"model": "users.datapoint", "pk": 268, "fields": {"name": "test obj3 64", "object": 3, "value": 12.750250625065565, "project_name": "Project 1", "object_name": "obj3", "created_date": "2023-07-10T17:32:44.934Z"}}, {"model": "users.datapoint", "pk": 269, "fields": {"name": "test obj3 65", "object": 3, "value": 53.42811838628658, "project_name": "Project 1", "object_name": "obj3", "created_date": "2023-07-10T17:32:44.934Z"}}, {"model": "users.datapoint", "pk": 270, "fields": {"name": "test obj3 66", "object": 3, "value": 76.58860889339775, "project_name": "Project 1", "object_name": "obj3", "created_date": "2023-07-10T17:32:44.935Z"}}, {"model": "users.datapoint", "pk": 271, "fields": {"name": "test obj3 67", "object": 3, "value": 46.65284164696076, "project_name": "Project 1", "object_name": "obj3", "created_date": "2023-07-10T17:32:44.936Z"}}, {"model": "users.datapoint", "pk": 272, "fields": {"name": "test obj3 68", "object": 3, "value": 75.45443161801832, "project_name": "Project 1", "object_name": "obj3", "created_date": "2023-07-10T17:32:44.936Z"}}, {"model": "users.datapoint", "pk": 273, "fields": {"name": "test obj3 69", "object": 3, "value": 52.6496873777416, "project_name": "Project 1", "object_name": "obj3", "created_date": "2023-07-10T17:32:44.937Z"}}, {"model": "users.datapoint", "pk": 274, "fields": {"name": "test obj3 70", "object": 3, "value": 20.686694065042, "project_name": "Project 1", "object_name": "obj3", "created_date": "2023-07-10T17:32:44.937Z"}}, {"model": "users.datapoint", "pk": 275, "fields": {"name": "test obj3 71", "object": 3, "value": 86.12270542610237, "project_name": "Project 1", "object_name": "obj3", "created_date": "2023-07-10T17:32:44.938Z"}}, {"model": "users.datapoint", "pk": 276, "fields": {"name": "test obj3 72", "object": 3, "value": 43.900397470662654, "project_name": "Project 1", "object_name": "obj3", "created_date": "2023-07-10T17:32:44.939Z"}}, {"model": "users.datapoint", "pk": 277, "fields": {"name": "test obj3 73", "object": 3, "value": 9.669981747278138, "project_name": "Project 1", "object_name": "obj3", "created_date": "2023-07-10T17:32:44.939Z"}}, {"model": "users.datapoint", "pk": 278, "fields": {"name": "test obj3 74", "object": 3, "value": 11.372955667952173, "project_name": "Project 1", "object_name": "obj3", "created_date": "2023-07-10T17:32:44.940Z"}}, {"model": "users.datapoint", "pk": 279, "fields": {"name": "test obj3 75", "object": 3, "value": 26.068243198015736, "project_name": "Project 1", "object_name": "obj3", "created_date": "2023-07-10T17:32:44.941Z"}}, {"model": "users.datapoint", "pk": 280, "fields": {"name": "test obj3 76", "object": 3, "value": 56.76340855417026, "project_name": "Project 1", "object_name": "obj3", "created_date": "2023-07-10T17:32:44.941Z"}}, {"model": "users.datapoint", "pk": 281, "fields": {"name": "test obj3 77", "object": 3, "value": 42.47390521117597, "project_name": "Project 1", "object_name": "obj3", "created_date": "2023-07-10T17:32:44.942Z"}}, {"model": "users.datapoint", "pk": 282, "fields": {"name": "test obj3 78", "object": 3, "value": 1.8278368404370893, "project_name": "Project 1", "object_name": "obj3", "created_date": "2023-07-10T17:32:44.943Z"}}, {"model": "users.datapoint", "pk": 283, "fields": {"name": "test obj3 79", "object": 3, "value": 4.2720538391060074, "project_name": "Project 1", "object_name": "obj3", "created_date": "2023-07-10T17:32:44.943Z"}}, {"model": "users.datapoint", "pk": 284, "fields": {"name": "test obj3 80", "object": 3, "value": 46.046934150524216, "project_name": "Project 1", "object_name": "obj3", "created_date": "2023-07-10T17:32:44.944Z"}}, {"model": "users.datapoint", "pk": 285, "fields": {"name": "test obj3 81", "object": 3, "value": 2.655551455308035, "project_name": "Project 1", "object_name": "obj3", "created_date": "2023-07-10T17:32:44.945Z"}}, {"model": "users.datapoint", "pk": 286, "fields": {"name": "test obj3 82", "object": 3, "value": 59.295395386586, "project_name": "Project 1", "object_name": "obj3", "created_date": "2023-07-10T17:32:44.946Z"}}, {"model": "users.datapoint", "pk": 287, "fields": {"name": "test obj3 83", "object": 3, "value": 80.29290271275828, "project_name": "Project 1", "object_name": "obj3", "created_date": "2023-07-10T17:32:44.946Z"}}, {"model": "users.datapoint", "pk": 288, "fields": {"name": "test obj3 84", "object": 3, "value": 31.91481660678719, "project_name": "Project 1", "object_name": "obj3", "created_date": "2023-07-10T17:32:44.947Z"}}, {"model": "users.datapoint", "pk": 289, "fields": {"name": "test obj3 85", "object": 3, "value": 12.554528248333343, "project_name": "Project 1", "object_name": "obj3", "created_date": "2023-07-10T17:32:44.948Z"}}, {"model": "users.datapoint", "pk": 290, "fields": {"name": "test obj3 86", "object": 3, "value": 70.22639795563848, "project_name": "Project 1", "object_name": "obj3", "created_date": "2023-07-10T17:32:44.948Z"}}, {"model": "users.datapoint", "pk": 291, "fields": {"name": "test obj3 87", "object": 3, "value": 77.53805353836358, "project_name": "Project 1", "object_name": "obj3", "created_date": "2023-07-10T17:32:44.949Z"}}, {"model": "users.datapoint", "pk": 292, "fields": {"name": "test obj3 88", "object": 3, "value": 7.530145876748813, "project_name": "Project 1", "object_name": "obj3", "created_date": "2023-07-10T17:32:44.949Z"}}, {"model": "users.datapoint", "pk": 293, "fields": {"name": "test obj3 89", "object": 3, "value": 29.790957933453477, "project_name": "Project 1", "object_name": "obj3", "created_date": "2023-07-10T17:32:44.950Z"}}, {"model": "users.datapoint", "pk": 294, "fields": {"name": "test obj3 90", "object": 3, "value": 41.08697480928979, "project_name": "Project 1", "object_name": "obj3", "created_date": "2023-07-10T17:32:44.951Z"}}, {"model": "users.datapoint", "pk": 295, "fields": {"name": "test obj3 91", "object": 3, "value": 67.93612269762693, "project_name": "Project 1", "object_name": "obj3", "created_date": "2023-07-10T17:32:44.951Z"}}, {"model": "users.datapoint", "pk": 296, "fields": {"name": "test obj3 92", "object": 3, "value": 75.98660186496045, "project_name": "Project 1", "object_name": "obj3", "created_date": "2023-07-10T17:32:44.952Z"}}, {"model": "users.datapoint", "pk": 297, "fields": {"name": "test obj3 93", "object": 3, "value": 73.98309138382226, "project_name": "Project 1", "object_name": "obj3", "created_date": "2023-07-10T17:32:44.953Z"}}, {"model": "users.datapoint", "pk": 298, "fields": {"name": "test obj3 94", "object": 3, "value": 11.629666786223462, "project_name": "Project 1", "object_name": "obj3", "created_date": "2023-07-10T17:32:44.953Z"}}, {"model": "users.datapoint", "pk": 299, "fields": {"name": "test obj3 95", "object": 3, "value": 38.55105227836092, "project_name": "Project 1", "object_name": "obj3", "created_date": "2023-07-10T17:32:44.954Z"}}, {"model": "users.datapoint", "pk": 300, "fields": {"name": "test obj3 96", "object": 3, "value": 96.78021722121285, "project_name": "Project 1", "object_name": "obj3", "created_date": "2023-07-10T17:32:44.955Z"}}, {"model": "users.datapoint", "pk": 301, "fields": {"name": "test obj3 97", "object": 3, "value": 28.511733123670503, "project_name": "Project 1", "object_name": "obj3", "created_date": "2023-07-10T17:32:44.955Z"}}, {"model": "users.datapoint", "pk": 302, "fields": {"name": "test obj3 98", "object": 3, "value": 79.24125522970299, "project_name": "Project 1", "object_name": "obj3", "created_date": "2023-07-10T17:32:44.956Z"}}, {"model": "users.datapoint", "pk": 303, "fields": {"name": "test obj3 99", "object": 3, "value": 49.27331249507541, "project_name": "Project 1", "object_name": "obj3", "created_date": "2023-07-10T17:32:44.957Z"}}, {"model": "users.datapoint", "pk": 304, "fields": {"name": "test obj4 0", "object": 4, "value": 82.81760036859664, "project_name": "project 2", "object_name": "obj4", "created_date": "2023-07-10T17:35:25.221Z"}}, {"model": "users.datapoint", "pk": 305, "fields": {"name": "test obj4 1", "object": 4, "value": 94.50530990823775, "project_name": "project 2", "object_name": "obj4", "created_date": "2023-07-10T17:35:25.223Z"}}, {"model": "users.datapoint", "pk": 306, "fields": {"name": "test obj4 2", "object": 4, "value": 16.981944621102194, "project_name": "project 2", "object_name": "obj4", "created_date": "2023-07-10T17:35:25.224Z"}}, {"model": "users.datapoint", "pk": 307, "fields": {"name": "test obj4 3", "object": 4, "value": 28.394266022482054, "project_name": "project 2", "object_name": "obj4", "created_date": "2023-07-10T17:35:25.225Z"}}, {"model": "users.datapoint", "pk": 308, "fields": {"name": "test obj4 4", "object": 4, "value": 66.68840268129877, "project_name": "project 2", "object_name": "obj4", "created_date": "2023-07-10T17:35:25.225Z"}}, {"model": "users.datapoint", "pk": 309, "fields": {"name": "test obj4 5", "object": 4, "value": 58.33775342167662, "project_name": "project 2", "object_name": "obj4", "created_date": "2023-07-10T17:35:25.226Z"}}, {"model": "users.datapoint", "pk": 310, "fields": {"name": "test obj4 6", "object": 4, "value": 79.53837135769142, "project_name": "project 2", "object_name": "obj4", "created_date": "2023-07-10T17:35:25.227Z"}}, {"model": "users.datapoint", "pk": 311, "fields": {"name": "test obj4 7", "object": 4, "value": 39.84076488009803, "project_name": "project 2", "object_name": "obj4", "created_date": "2023-07-10T17:35:25.228Z"}}, {"model": "users.datapoint", "pk": 312, "fields": {"name": "test obj4 8", "object": 4, "value": 99.1176232972536, "project_name": "project 2", "object_name": "obj4", "created_date": "2023-07-10T17:35:25.229Z"}}, {"model": "users.datapoint", "pk": 313, "fields": {"name": "test obj4 9", "object": 4, "value": 91.54164086081899, "project_name": "project 2", "object_name": "obj4", "created_date": "2023-07-10T17:35:25.230Z"}}, {"model": "users.datapoint", "pk": 314, "fields": {"name": "test obj4 10", "object": 4, "value": 22.621278630229774, "project_name": "project 2", "object_name": "obj4", "created_date": "2023-07-10T17:35:25.230Z"}}, {"model": "users.datapoint", "pk": 315, "fields": {"name": "test obj4 11", "object": 4, "value": 58.15777597237852, "project_name": "project 2", "object_name": "obj4", "created_date": "2023-07-10T17:35:25.231Z"}}, {"model": "users.datapoint", "pk": 316, "fields": {"name": "test obj4 12", "object": 4, "value": 66.53789275357802, "project_name": "project 2", "object_name": "obj4", "created_date": "2023-07-10T17:35:25.232Z"}}, {"model": "users.datapoint", "pk": 317, "fields": {"name": "test obj4 13", "object": 4, "value": 68.03680553987441, "project_name": "project 2", "object_name": "obj4", "created_date": "2023-07-10T17:35:25.232Z"}}, {"model": "users.datapoint", "pk": 318, "fields": {"name": "test obj4 14", "object": 4, "value": 97.74720165547096, "project_name": "project 2", "object_name": "obj4", "created_date": "2023-07-10T17:35:25.233Z"}}, {"model": "users.datapoint", "pk": 319, "fields": {"name": "test obj4 15", "object": 4, "value": 49.11215513648241, "project_name": "project 2", "object_name": "obj4", "created_date": "2023-07-10T17:35:25.234Z"}}, {"model": "users.datapoint", "pk": 320, "fields": {"name": "test obj4 16", "object": 4, "value": 45.962276310648654, "project_name": "project 2", "object_name": "obj4", "created_date": "2023-07-10T17:35:25.235Z"}}, {"model": "users.datapoint", "pk": 321, "fields": {"name": "test obj4 17", "object": 4, "value": 55.83158991335164, "project_name": "project 2", "object_name": "obj4", "created_date": "2023-07-10T17:35:25.236Z"}}, {"model": "users.datapoint", "pk": 322, "fields": {"name": "test obj4 18", "object": 4, "value": 57.36483390230889, "project_name": "project 2", "object_name": "obj4", "created_date": "2023-07-10T17:35:25.237Z"}}, {"model": "users.datapoint", "pk": 323, "fields": {"name": "test obj4 19", "object": 4, "value": 57.27189959436703, "project_name": "project 2", "object_name": "obj4", "created_date": "2023-07-10T17:35:25.238Z"}}, {"model": "users.datapoint", "pk": 324, "fields": {"name": "test obj4 20", "object": 4, "value": 2.5615906953533423, "project_name": "project 2", "object_name": "obj4", "created_date": "2023-07-10T17:35:25.239Z"}}, {"model": "users.datapoint", "pk": 325, "fields": {"name": "test obj4 21", "object": 4, "value": 10.861099870286408, "project_name": "project 2", "object_name": "obj4", "created_date": "2023-07-10T17:35:25.239Z"}}, {"model": "users.datapoint", "pk": 326, "fields": {"name": "test obj4 22", "object": 4, "value": 8.932429129700118, "project_name": "project 2", "object_name": "obj4", "created_date": "2023-07-10T17:35:25.240Z"}}, {"model": "users.datapoint", "pk": 327, "fields": {"name": "test obj4 23", "object": 4, "value": 2.2762617862885377, "project_name": "project 2", "object_name": "obj4", "created_date": "2023-07-10T17:35:25.241Z"}}, {"model": "users.datapoint", "pk": 328, "fields": {"name": "test obj4 24", "object": 4, "value": 44.13328096574931, "project_name": "project 2", "object_name": "obj4", "created_date": "2023-07-10T17:35:25.242Z"}}, {"model": "users.datapoint", "pk": 329, "fields": {"name": "test obj4 25", "object": 4, "value": 75.11036591343111, "project_name": "project 2", "object_name": "obj4", "created_date": "2023-07-10T17:35:25.244Z"}}, {"model": "users.datapoint", "pk": 330, "fields": {"name": "test obj4 26", "object": 4, "value": 8.323031208704807, "project_name": "project 2", "object_name": "obj4", "created_date": "2023-07-10T17:35:25.245Z"}}, {"model": "users.datapoint", "pk": 331, "fields": {"name": "test obj4 27", "object": 4, "value": 15.628609090279383, "project_name": "project 2", "object_name": "obj4", "created_date": "2023-07-10T17:35:25.245Z"}}, {"model": "users.datapoint", "pk": 332, "fields": {"name": "test obj4 28", "object": 4, "value": 76.37624515034081, "project_name": "project 2", "object_name": "obj4", "created_date": "2023-07-10T17:35:25.246Z"}}, {"model": "users.datapoint", "pk": 333, "fields": {"name": "test obj4 29", "object": 4, "value": 31.78418629116437, "project_name": "project 2", "object_name": "obj4", "created_date": "2023-07-10T17:35:25.247Z"}}, {"model": "users.datapoint", "pk": 334, "fields": {"name": "test obj4 30", "object": 4, "value": 75.67393534971183, "project_name": "project 2", "object_name": "obj4", "created_date": "2023-07-10T17:35:25.248Z"}}, {"model": "users.datapoint", "pk": 335, "fields": {"name": "test obj4 31", "object": 4, "value": 77.8481818716014, "project_name": "project 2", "object_name": "obj4", "created_date": "2023-07-10T17:35:25.249Z"}}, {"model": "users.datapoint", "pk": 336, "fields": {"name": "test obj4 32", "object": 4, "value": 81.42638305912342, "project_name": "project 2", "object_name": "obj4", "created_date": "2023-07-10T17:35:25.249Z"}}, {"model": "users.datapoint", "pk": 337, "fields": {"name": "test obj4 33", "object": 4, "value": 51.32690485080174, "project_name": "project 2", "object_name": "obj4", "created_date": "2023-07-10T17:35:25.250Z"}}, {"model": "users.datapoint", "pk": 338, "fields": {"name": "test obj4 34", "object": 4, "value": 23.154833559634444, "project_name": "project 2", "object_name": "obj4", "created_date": "2023-07-10T17:35:25.251Z"}}, {"model": "users.datapoint", "pk": 339, "fields": {"name": "test obj4 35", "object": 4, "value": 20.09105115653713, "project_name": "project 2", "object_name": "obj4", "created_date": "2023-07-10T17:35:25.252Z"}}, {"model": "users.datapoint", "pk": 340, "fields": {"name": "test obj4 36", "object": 4, "value": 93.07274152851151, "project_name": "project 2", "object_name": "obj4", "created_date": "2023-07-10T17:35:25.253Z"}}, {"model": "users.datapoint", "pk": 341, "fields": {"name": "test obj4 37", "object": 4, "value": 67.40580916402233, "project_name": "project 2", "object_name": "obj4", "created_date": "2023-07-10T17:35:25.254Z"}}, {"model": "users.datapoint", "pk": 342, "fields": {"name": "test obj4 38", "object": 4, "value": 30.7986993102068, "project_name": "project 2", "object_name": "obj4", "created_date": "2023-07-10T17:35:25.254Z"}}, {"model": "users.datapoint", "pk": 343, "fields": {"name": "test obj4 39", "object": 4, "value": 33.11942925668762, "project_name": "project 2", "object_name": "obj4", "created_date": "2023-07-10T17:35:25.255Z"}}, {"model": "users.datapoint", "pk": 344, "fields": {"name": "test obj4 40", "object": 4, "value": 72.8942540326602, "project_name": "project 2", "object_name": "obj4", "created_date": "2023-07-10T17:35:25.256Z"}}, {"model": "users.datapoint", "pk": 345, "fields": {"name": "test obj4 41", "object": 4, "value": 73.07323116378376, "project_name": "project 2", "object_name": "obj4", "created_date": "2023-07-10T17:35:25.257Z"}}, {"model": "users.datapoint", "pk": 346, "fields": {"name": "test obj4 42", "object": 4, "value": 3.572816961558776, "project_name": "project 2", "object_name": "obj4", "created_date": "2023-07-10T17:35:25.257Z"}}, {"model": "users.datapoint", "pk": 347, "fields": {"name": "test obj4 43", "object": 4, "value": 47.13817900325355, "project_name": "project 2", "object_name": "obj4", "created_date": "2023-07-10T17:35:25.258Z"}}, {"model": "users.datapoint", "pk": 348, "fields": {"name": "test obj4 44", "object": 4, "value": 92.11097641946357, "project_name": "project 2", "object_name": "obj4", "created_date": "2023-07-10T17:35:25.259Z"}}, {"model": "users.datapoint", "pk": 349, "fields": {"name": "test obj4 45", "object": 4, "value": 93.5507441960724, "project_name": "project 2", "object_name": "obj4", "created_date": "2023-07-10T17:35:25.260Z"}}, {"model": "users.datapoint", "pk": 350, "fields": {"name": "test obj4 46", "object": 4, "value": 66.61216465215004, "project_name": "project 2", "object_name": "obj4", "created_date": "2023-07-10T17:35:25.261Z"}}, {"model": "users.datapoint", "pk": 351, "fields": {"name": "test obj4 47", "object": 4, "value": 19.800017149251513, "project_name": "project 2", "object_name": "obj4", "created_date": "2023-07-10T17:35:25.261Z"}}, {"model": "users.datapoint", "pk": 352, "fields": {"name": "test obj4 48", "object": 4, "value": 56.531290342435824, "project_name": "project 2", "object_name": "obj4", "created_date": "2023-07-10T17:35:25.262Z"}}, {"model": "users.datapoint", "pk": 353, "fields": {"name": "test obj4 49", "object": 4, "value": 10.115157959278736, "project_name": "project 2", "object_name": "obj4", "created_date": "2023-07-10T17:35:25.263Z"}}, {"model": "users.datapoint", "pk": 354, "fields": {"name": "test obj4 50", "object": 4, "value": 82.65220000080316, "project_name": "project 2", "object_name": "obj4", "created_date": "2023-07-10T17:35:25.264Z"}}, {"model": "users.datapoint", "pk": 355, "fields": {"name": "test obj4 51", "object": 4, "value": 44.01673074406481, "project_name": "project 2", "object_name": "obj4", "created_date": "2023-07-10T17:35:25.264Z"}}, {"model": "users.datapoint", "pk": 356, "fields": {"name": "test obj4 52", "object": 4, "value": 5.6349265466993845, "project_name": "project 2", "object_name": "obj4", "created_date": "2023-07-10T17:35:25.265Z"}}, {"model": "users.datapoint", "pk": 357, "fields": {"name": "test obj4 53", "object": 4, "value": 97.16970198187425, "project_name": "project 2", "object_name": "obj4", "created_date": "2023-07-10T17:35:25.266Z"}}, {"model": "users.datapoint", "pk": 358, "fields": {"name": "test obj4 54", "object": 4, "value": 90.41715060442712, "project_name": "project 2", "object_name": "obj4", "created_date": "2023-07-10T17:35:25.267Z"}}, {"model": "users.datapoint", "pk": 359, "fields": {"name": "test obj4 55", "object": 4, "value": 71.28993681077888, "project_name": "project 2", "object_name": "obj4", "created_date": "2023-07-10T17:35:25.268Z"}}, {"model": "users.datapoint", "pk": 360, "fields": {"name": "test obj4 56", "object": 4, "value": 23.730801300215457, "project_name": "project 2", "object_name": "obj4", "created_date": "2023-07-10T17:35:25.268Z"}}, {"model": "users.datapoint", "pk": 361, "fields": {"name": "test obj4 57", "object": 4, "value": 46.956936263016104, "project_name": "project 2", "object_name": "obj4", "created_date": "2023-07-10T17:35:25.269Z"}}, {"model": "users.datapoint", "pk": 362, "fields": {"name": "test obj4 58", "object": 4, "value": 11.504745408302021, "project_name": "project 2", "object_name": "obj4", "created_date": "2023-07-10T17:35:25.270Z"}}, {"model": "users.datapoint", "pk": 363, "fields": {"name": "test obj4 59", "object": 4, "value": 42.149360172298884, "project_name": "project 2", "object_name": "obj4", "created_date": "2023-07-10T17:35:25.271Z"}}, {"model": "users.datapoint", "pk": 364, "fields": {"name": "test obj4 60", "object": 4, "value": 67.37768487922166, "project_name": "project 2", "object_name": "obj4", "created_date": "2023-07-10T17:35:25.271Z"}}, {"model": "users.datapoint", "pk": 365, "fields": {"name": "test obj4 61", "object": 4, "value": 80.99856960534987, "project_name": "project 2", "object_name": "obj4", "created_date": "2023-07-10T17:35:25.272Z"}}, {"model": "users.datapoint", "pk": 366, "fields": {"name": "test obj4 62", "object": 4, "value": 22.56619718417755, "project_name": "project 2", "object_name": "obj4", "created_date": "2023-07-10T17:35:25.273Z"}}, {"model": "users.datapoint", "pk": 367, "fields": {"name": "test obj4 63", "object": 4, "value": 57.13348783202811, "project_name": "project 2", "object_name": "obj4", "created_date": "2023-07-10T17:35:25.274Z"}}, {"model": "users.datapoint", "pk": 368, "fields": {"name": "test obj4 64", "object": 4, "value": 51.16179189354176, "project_name": "project 2", "object_name": "obj4", "created_date": "2023-07-10T17:35:25.274Z"}}, {"model": "users.datapoint", "pk": 369, "fields": {"name": "test obj4 65", "object": 4, "value": 71.68374641859425, "project_name": "project 2", "object_name": "obj4", "created_date": "2023-07-10T17:35:25.276Z"}}, {"model": "users.datapoint", "pk": 370, "fields": {"name": "test obj4 66", "object": 4, "value": 7.207754289697201, "project_name": "project 2", "object_name": "obj4", "created_date": "2023-07-10T17:35:25.277Z"}}, {"model": "users.datapoint", "pk": 371, "fields": {"name": "test obj4 67", "object": 4, "value": 60.77134571916459, "project_name": "project 2", "object_name": "obj4", "created_date": "2023-07-10T17:35:25.277Z"}}, {"model": "users.datapoint", "pk": 372, "fields": {"name": "test obj4 68", "object": 4, "value": 40.58427067949905, "project_name": "project 2", "object_name": "obj4", "created_date": "2023-07-10T17:35:25.278Z"}}, {"model": "users.datapoint", "pk": 373, "fields": {"name": "test obj4 69", "object": 4, "value": 4.85570080584111, "project_name": "project 2", "object_name": "obj4", "created_date": "2023-07-10T17:35:25.279Z"}}, {"model": "users.datapoint", "pk": 374, "fields": {"name": "test obj4 70", "object": 4, "value": 22.1481816372926, "project_name": "project 2", "object_name": "obj4", "created_date": "2023-07-10T17:35:25.280Z"}}, {"model": "users.datapoint", "pk": 375, "fields": {"name": "test obj4 71", "object": 4, "value": 60.502193666378105, "project_name": "project 2", "object_name": "obj4", "created_date": "2023-07-10T17:35:25.281Z"}}, {"model": "users.datapoint", "pk": 376, "fields": {"name": "test obj4 72", "object": 4, "value": 65.74843358436655, "project_name": "project 2", "object_name": "obj4", "created_date": "2023-07-10T17:35:25.281Z"}}, {"model": "users.datapoint", "pk": 377, "fields": {"name": "test obj4 73", "object": 4, "value": 41.35594019635401, "project_name": "project 2", "object_name": "obj4", "created_date": "2023-07-10T17:35:25.282Z"}}, {"model": "users.datapoint", "pk": 378, "fields": {"name": "test obj4 74", "object": 4, "value": 27.97644179871496, "project_name": "project 2", "object_name": "obj4", "created_date": "2023-07-10T17:35:25.283Z"}}, {"model": "users.datapoint", "pk": 379, "fields": {"name": "test obj4 75", "object": 4, "value": 75.26839442489671, "project_name": "project 2", "object_name": "obj4", "created_date": "2023-07-10T17:35:25.284Z"}}, {"model": "users.datapoint", "pk": 380, "fields": {"name": "test obj4 76", "object": 4, "value": 79.55929267086557, "project_name": "project 2", "object_name": "obj4", "created_date": "2023-07-10T17:35:25.284Z"}}, {"model": "users.datapoint", "pk": 381, "fields": {"name": "test obj4 77", "object": 4, "value": 23.90771535058987, "project_name": "project 2", "object_name": "obj4", "created_date": "2023-07-10T17:35:25.285Z"}}, {"model": "users.datapoint", "pk": 382, "fields": {"name": "test obj4 78", "object": 4, "value": 82.82507152726508, "project_name": "project 2", "object_name": "obj4", "created_date": "2023-07-10T17:35:25.286Z"}}, {"model": "users.datapoint", "pk": 383, "fields": {"name": "test obj4 79", "object": 4, "value": 42.10887177115963, "project_name": "project 2", "object_name": "obj4", "created_date": "2023-07-10T17:35:25.286Z"}}, {"model": "users.datapoint", "pk": 384, "fields": {"name": "test obj4 80", "object": 4, "value": 35.631950912086275, "project_name": "project 2", "object_name": "obj4", "created_date": "2023-07-10T17:35:25.287Z"}}, {"model": "users.datapoint", "pk": 385, "fields": {"name": "test obj4 81", "object": 4, "value": 61.43855819287651, "project_name": "project 2", "object_name": "obj4", "created_date": "2023-07-10T17:35:25.288Z"}}, {"model": "users.datapoint", "pk": 386, "fields": {"name": "test obj4 82", "object": 4, "value": 10.63934972363701, "project_name": "project 2", "object_name": "obj4", "created_date": "2023-07-10T17:35:25.289Z"}}, {"model": "users.datapoint", "pk": 387, "fields": {"name": "test obj4 83", "object": 4, "value": 43.45571153501929, "project_name": "project 2", "object_name": "obj4", "created_date": "2023-07-10T17:35:25.290Z"}}, {"model": "users.datapoint", "pk": 388, "fields": {"name": "test obj4 84", "object": 4, "value": 1.029569909970287, "project_name": "project 2", "object_name": "obj4", "created_date": "2023-07-10T17:35:25.290Z"}}, {"model": "users.datapoint", "pk": 389, "fields": {"name": "test obj4 85", "object": 4, "value": 53.17891904067263, "project_name": "project 2", "object_name": "obj4", "created_date": "2023-07-10T17:35:25.291Z"}}, {"model": "users.datapoint", "pk": 390, "fields": {"name": "test obj4 86", "object": 4, "value": 95.31643822261073, "project_name": "project 2", "object_name": "obj4", "created_date": "2023-07-10T17:35:25.292Z"}}, {"model": "users.datapoint", "pk": 391, "fields": {"name": "test obj4 87", "object": 4, "value": 17.230169980484064, "project_name": "project 2", "object_name": "obj4", "created_date": "2023-07-10T17:35:25.293Z"}}, {"model": "users.datapoint", "pk": 392, "fields": {"name": "test obj4 88", "object": 4, "value": 34.42240156475462, "project_name": "project 2", "object_name": "obj4", "created_date": "2023-07-10T17:35:25.293Z"}}, {"model": "users.datapoint", "pk": 393, "fields": {"name": "test obj4 89", "object": 4, "value": 40.80431923135233, "project_name": "project 2", "object_name": "obj4", "created_date": "2023-07-10T17:35:25.294Z"}}, {"model": "users.datapoint", "pk": 394, "fields": {"name": "test obj4 90", "object": 4, "value": 48.778898093601015, "project_name": "project 2", "object_name": "obj4", "created_date": "2023-07-10T17:35:25.295Z"}}, {"model": "users.datapoint", "pk": 395, "fields": {"name": "test obj4 91", "object": 4, "value": 39.97211269738454, "project_name": "project 2", "object_name": "obj4", "created_date": "2023-07-10T17:35:25.295Z"}}, {"model": "users.datapoint", "pk": 396, "fields": {"name": "test obj4 92", "object": 4, "value": 53.373387875048216, "project_name": "project 2", "object_name": "obj4", "created_date": "2023-07-10T17:35:25.296Z"}}, {"model": "users.datapoint", "pk": 397, "fields": {"name": "test obj4 93", "object": 4, "value": 83.60020806450244, "project_name": "project 2", "object_name": "obj4", "created_date": "2023-07-10T17:35:25.297Z"}}, {"model": "users.datapoint", "pk": 398, "fields": {"name": "test obj4 94", "object": 4, "value": 73.74213741844919, "project_name": "project 2", "object_name": "obj4", "created_date": "2023-07-10T17:35:25.298Z"}}, {"model": "users.datapoint", "pk": 399, "fields": {"name": "test obj4 95", "object": 4, "value": 85.42193294234963, "project_name": "project 2", "object_name": "obj4", "created_date": "2023-07-10T17:35:25.299Z"}}, {"model": "users.datapoint", "pk": 400, "fields": {"name": "test obj4 96", "object": 4, "value": 72.52765250807904, "project_name": "project 2", "object_name": "obj4", "created_date": "2023-07-10T17:35:25.299Z"}}, {"model": "users.datapoint", "pk": 401, "fields": {"name": "test obj4 97", "object": 4, "value": 92.25460958949405, "project_name": "project 2", "object_name": "obj4", "created_date": "2023-07-10T17:35:25.300Z"}}, {"model": "users.datapoint", "pk": 402, "fields": {"name": "test obj4 98", "object": 4, "value": 8.812187520955426, "project_name": "project 2", "object_name": "obj4", "created_date": "2023-07-10T17:35:25.301Z"}}, {"model": "users.datapoint", "pk": 403, "fields": {"name": "test obj4 99", "object": 4, "value": 34.5318429043541, "project_name": "project 2", "object_name": "obj4", "created_date": "2023-07-10T17:35:25.302Z"}}, {"model": "users.datapoint", "pk": 404, "fields": {"name": "test obj5 0", "object": 5, "value": 76.2741656712694, "project_name": "project 2", "object_name": "obj5", "created_date": "2023-07-10T17:35:25.302Z"}}, {"model": "users.datapoint", "pk": 405, "fields": {"name": "test obj5 1", "object": 5, "value": 62.71229322325253, "project_name": "project 2", "object_name": "obj5", "created_date": "2023-07-10T17:35:25.303Z"}}, {"model": "users.datapoint", "pk": 406, "fields": {"name": "test obj5 2", "object": 5, "value": 70.28978239726467, "project_name": "project 2", "object_name": "obj5", "created_date": "2023-07-10T17:35:25.304Z"}}, {"model": "users.datapoint", "pk": 407, "fields": {"name": "test obj5 3", "object": 5, "value": 32.001931815078436, "project_name": "project 2", "object_name": "obj5", "created_date": "2023-07-10T17:35:25.305Z"}}, {"model": "users.datapoint", "pk": 408, "fields": {"name": "test obj5 4", "object": 5, "value": 70.7629594541233, "project_name": "project 2", "object_name": "obj5", "created_date": "2023-07-10T17:35:25.305Z"}}, {"model": "users.datapoint", "pk": 409, "fields": {"name": "test obj5 5", "object": 5, "value": 22.90855035694232, "project_name": "project 2", "object_name": "obj5", "created_date": "2023-07-10T17:35:25.306Z"}}, {"model": "users.datapoint", "pk": 410, "fields": {"name": "test obj5 6", "object": 5, "value": 83.70585534111218, "project_name": "project 2", "object_name": "obj5", "created_date": "2023-07-10T17:35:25.307Z"}}, {"model": "users.datapoint", "pk": 411, "fields": {"name": "test obj5 7", "object": 5, "value": 90.32344301629276, "project_name": "project 2", "object_name": "obj5", "created_date": "2023-07-10T17:35:25.308Z"}}, {"model": "users.datapoint", "pk": 412, "fields": {"name": "test obj5 8", "object": 5, "value": 99.55616546297678, "project_name": "project 2", "object_name": "obj5", "created_date": "2023-07-10T17:35:25.309Z"}}, {"model": "users.datapoint", "pk": 413, "fields": {"name": "test obj5 9", "object": 5, "value": 56.926115472266034, "project_name": "project 2", "object_name": "obj5", "created_date": "2023-07-10T17:35:25.310Z"}}, {"model": "users.datapoint", "pk": 414, "fields": {"name": "test obj5 10", "object": 5, "value": 70.6832759538185, "project_name": "project 2", "object_name": "obj5", "created_date": "2023-07-10T17:35:25.310Z"}}, {"model": "users.datapoint", "pk": 415, "fields": {"name": "test obj5 11", "object": 5, "value": 97.2941473232215, "project_name": "project 2", "object_name": "obj5", "created_date": "2023-07-10T17:35:25.311Z"}}, {"model": "users.datapoint", "pk": 416, "fields": {"name": "test obj5 12", "object": 5, "value": 63.15115791965983, "project_name": "project 2", "object_name": "obj5", "created_date": "2023-07-10T17:35:25.312Z"}}, {"model": "users.datapoint", "pk": 417, "fields": {"name": "test obj5 13", "object": 5, "value": 32.84436080790549, "project_name": "project 2", "object_name": "obj5", "created_date": "2023-07-10T17:35:25.312Z"}}, {"model": "users.datapoint", "pk": 418, "fields": {"name": "test obj5 14", "object": 5, "value": 10.631760745795908, "project_name": "project 2", "object_name": "obj5", "created_date": "2023-07-10T17:35:25.313Z"}}, {"model": "users.datapoint", "pk": 419, "fields": {"name": "test obj5 15", "object": 5, "value": 56.11390133136667, "project_name": "project 2", "object_name": "obj5", "created_date": "2023-07-10T17:35:25.314Z"}}, {"model": "users.datapoint", "pk": 420, "fields": {"name": "test obj5 16", "object": 5, "value": 87.89319004281039, "project_name": "project 2", "object_name": "obj5", "created_date": "2023-07-10T17:35:25.315Z"}}, {"model": "users.datapoint", "pk": 421, "fields": {"name": "test obj5 17", "object": 5, "value": 37.67674999792009, "project_name": "project 2", "object_name": "obj5", "created_date": "2023-07-10T17:35:25.315Z"}}, {"model": "users.datapoint", "pk": 422, "fields": {"name": "test obj5 18", "object": 5, "value": 75.88467580912138, "project_name": "project 2", "object_name": "obj5", "created_date": "2023-07-10T17:35:25.316Z"}}, {"model": "users.datapoint", "pk": 423, "fields": {"name": "test obj5 19", "object": 5, "value": 37.760186505794294, "project_name": "project 2", "object_name": "obj5", "created_date": "2023-07-10T17:35:25.317Z"}}, {"model": "users.datapoint", "pk": 424, "fields": {"name": "test obj5 20", "object": 5, "value": 42.423941497569785, "project_name": "project 2", "object_name": "obj5", "created_date": "2023-07-10T17:35:25.318Z"}}, {"model": "users.datapoint", "pk": 425, "fields": {"name": "test obj5 21", "object": 5, "value": 25.729534964595704, "project_name": "project 2", "object_name": "obj5", "created_date": "2023-07-10T17:35:25.318Z"}}, {"model": "users.datapoint", "pk": 426, "fields": {"name": "test obj5 22", "object": 5, "value": 37.14813434170786, "project_name": "project 2", "object_name": "obj5", "created_date": "2023-07-10T17:35:25.319Z"}}, {"model": "users.datapoint", "pk": 427, "fields": {"name": "test obj5 23", "object": 5, "value": 21.590770662090847, "project_name": "project 2", "object_name": "obj5", "created_date": "2023-07-10T17:35:25.320Z"}}, {"model": "users.datapoint", "pk": 428, "fields": {"name": "test obj5 24", "object": 5, "value": 7.48114092438264, "project_name": "project 2", "object_name": "obj5", "created_date": "2023-07-10T17:35:25.321Z"}}, {"model": "users.datapoint", "pk": 429, "fields": {"name": "test obj5 25", "object": 5, "value": 62.20345429140278, "project_name": "project 2", "object_name": "obj5", "created_date": "2023-07-10T17:35:25.321Z"}}, {"model": "users.datapoint", "pk": 430, "fields": {"name": "test obj5 26", "object": 5, "value": 20.054435738741525, "project_name": "project 2", "object_name": "obj5", "created_date": "2023-07-10T17:35:25.322Z"}}, {"model": "users.datapoint", "pk": 431, "fields": {"name": "test obj5 27", "object": 5, "value": 40.33764607160193, "project_name": "project 2", "object_name": "obj5", "created_date": "2023-07-10T17:35:25.323Z"}}, {"model": "users.datapoint", "pk": 432, "fields": {"name": "test obj5 28", "object": 5, "value": 84.63890681878522, "project_name": "project 2", "object_name": "obj5", "created_date": "2023-07-10T17:35:25.324Z"}}, {"model": "users.datapoint", "pk": 433, "fields": {"name": "test obj5 29", "object": 5, "value": 38.56681109944114, "project_name": "project 2", "object_name": "obj5", "created_date": "2023-07-10T17:35:25.324Z"}}, {"model": "users.datapoint", "pk": 434, "fields": {"name": "test obj5 30", "object": 5, "value": 33.982427082203266, "project_name": "project 2", "object_name": "obj5", "created_date": "2023-07-10T17:35:25.325Z"}}, {"model": "users.datapoint", "pk": 435, "fields": {"name": "test obj5 31", "object": 5, "value": 4.570516743808599, "project_name": "project 2", "object_name": "obj5", "created_date": "2023-07-10T17:35:25.326Z"}}, {"model": "users.datapoint", "pk": 436, "fields": {"name": "test obj5 32", "object": 5, "value": 90.96979950798053, "project_name": "project 2", "object_name": "obj5", "created_date": "2023-07-10T17:35:25.327Z"}}, {"model": "users.datapoint", "pk": 437, "fields": {"name": "test obj5 33", "object": 5, "value": 22.660445420238876, "project_name": "project 2", "object_name": "obj5", "created_date": "2023-07-10T17:35:25.327Z"}}, {"model": "users.datapoint", "pk": 438, "fields": {"name": "test obj5 34", "object": 5, "value": 94.32189020300221, "project_name": "project 2", "object_name": "obj5", "created_date": "2023-07-10T17:35:25.328Z"}}, {"model": "users.datapoint", "pk": 439, "fields": {"name": "test obj5 35", "object": 5, "value": 10.351605634673996, "project_name": "project 2", "object_name": "obj5", "created_date": "2023-07-10T17:35:25.329Z"}}, {"model": "users.datapoint", "pk": 440, "fields": {"name": "test obj5 36", "object": 5, "value": 47.89913877253022, "project_name": "project 2", "object_name": "obj5", "created_date": "2023-07-10T17:35:25.330Z"}}, {"model": "users.datapoint", "pk": 441, "fields": {"name": "test obj5 37", "object": 5, "value": 51.958208211753224, "project_name": "project 2", "object_name": "obj5", "created_date": "2023-07-10T17:35:25.331Z"}}, {"model": "users.datapoint", "pk": 442, "fields": {"name": "test obj5 38", "object": 5, "value": 18.86356053248953, "project_name": "project 2", "object_name": "obj5", "created_date": "2023-07-10T17:35:25.331Z"}}, {"model": "users.datapoint", "pk": 443, "fields": {"name": "test obj5 39", "object": 5, "value": 88.44767724476797, "project_name": "project 2", "object_name": "obj5", "created_date": "2023-07-10T17:35:25.332Z"}}, {"model": "users.datapoint", "pk": 444, "fields": {"name": "test obj5 40", "object": 5, "value": 5.182173445633211, "project_name": "project 2", "object_name": "obj5", "created_date": "2023-07-10T17:35:25.333Z"}}, {"model": "users.datapoint", "pk": 445, "fields": {"name": "test obj5 41", "object": 5, "value": 66.89443513487956, "project_name": "project 2", "object_name": "obj5", "created_date": "2023-07-10T17:35:25.333Z"}}, {"model": "users.datapoint", "pk": 446, "fields": {"name": "test obj5 42", "object": 5, "value": 10.298013147779878, "project_name": "project 2", "object_name": "obj5", "created_date": "2023-07-10T17:35:25.334Z"}}, {"model": "users.datapoint", "pk": 447, "fields": {"name": "test obj5 43", "object": 5, "value": 73.93882100801835, "project_name": "project 2", "object_name": "obj5", "created_date": "2023-07-10T17:35:25.335Z"}}, {"model": "users.datapoint", "pk": 448, "fields": {"name": "test obj5 44", "object": 5, "value": 66.216040996658, "project_name": "project 2", "object_name": "obj5", "created_date": "2023-07-10T17:35:25.336Z"}}, {"model": "users.datapoint", "pk": 449, "fields": {"name": "test obj5 45", "object": 5, "value": 65.71280947218911, "project_name": "project 2", "object_name": "obj5", "created_date": "2023-07-10T17:35:25.336Z"}}, {"model": "users.datapoint", "pk": 450, "fields": {"name": "test obj5 46", "object": 5, "value": 44.275898857812976, "project_name": "project 2", "object_name": "obj5", "created_date": "2023-07-10T17:35:25.337Z"}}, {"model": "users.datapoint", "pk": 451, "fields": {"name": "test obj5 47", "object": 5, "value": 71.61539264897793, "project_name": "project 2", "object_name": "obj5", "created_date": "2023-07-10T17:35:25.338Z"}}, {"model": "users.datapoint", "pk": 452, "fields": {"name": "test obj5 48", "object": 5, "value": 46.74234972034087, "project_name": "project 2", "object_name": "obj5", "created_date": "2023-07-10T17:35:25.339Z"}}, {"model": "users.datapoint", "pk": 453, "fields": {"name": "test obj5 49", "object": 5, "value": 98.70256171892471, "project_name": "project 2", "object_name": "obj5", "created_date": "2023-07-10T17:35:25.339Z"}}, {"model": "users.datapoint", "pk": 454, "fields": {"name": "test obj5 50", "object": 5, "value": 37.87750072405118, "project_name": "project 2", "object_name": "obj5", "created_date": "2023-07-10T17:35:25.340Z"}}, {"model": "users.datapoint", "pk": 455, "fields": {"name": "test obj5 51", "object": 5, "value": 10.160379208301784, "project_name": "project 2", "object_name": "obj5", "created_date": "2023-07-10T17:35:25.341Z"}}, {"model": "users.datapoint", "pk": 456, "fields": {"name": "test obj5 52", "object": 5, "value": 52.36340469877173, "project_name": "project 2", "object_name": "obj5", "created_date": "2023-07-10T17:35:25.342Z"}}, {"model": "users.datapoint", "pk": 457, "fields": {"name": "test obj5 53", "object": 5, "value": 90.46743986451669, "project_name": "project 2", "object_name": "obj5", "created_date": "2023-07-10T17:35:25.342Z"}}, {"model": "users.datapoint", "pk": 458, "fields": {"name": "test obj5 54", "object": 5, "value": 54.25909402292257, "project_name": "project 2", "object_name": "obj5", "created_date": "2023-07-10T17:35:25.343Z"}}, {"model": "users.datapoint", "pk": 459, "fields": {"name": "test obj5 55", "object": 5, "value": 84.7950961627058, "project_name": "project 2", "object_name": "obj5", "created_date": "2023-07-10T17:35:25.344Z"}}, {"model": "users.datapoint", "pk": 460, "fields": {"name": "test obj5 56", "object": 5, "value": 42.45581135122743, "project_name": "project 2", "object_name": "obj5", "created_date": "2023-07-10T17:35:25.344Z"}}, {"model": "users.datapoint", "pk": 461, "fields": {"name": "test obj5 57", "object": 5, "value": 53.37099649145276, "project_name": "project 2", "object_name": "obj5", "created_date": "2023-07-10T17:35:25.345Z"}}, {"model": "users.datapoint", "pk": 462, "fields": {"name": "test obj5 58", "object": 5, "value": 66.06498730107681, "project_name": "project 2", "object_name": "obj5", "created_date": "2023-07-10T17:35:25.346Z"}}, {"model": "users.datapoint", "pk": 463, "fields": {"name": "test obj5 59", "object": 5, "value": 3.8580443396602746, "project_name": "project 2", "object_name": "obj5", "created_date": "2023-07-10T17:35:25.347Z"}}, {"model": "users.datapoint", "pk": 464, "fields": {"name": "test obj5 60", "object": 5, "value": 59.81625903470085, "project_name": "project 2", "object_name": "obj5", "created_date": "2023-07-10T17:35:25.347Z"}}, {"model": "users.datapoint", "pk": 465, "fields": {"name": "test obj5 61", "object": 5, "value": 55.715305064796, "project_name": "project 2", "object_name": "obj5", "created_date": "2023-07-10T17:35:25.348Z"}}, {"model": "users.datapoint", "pk": 466, "fields": {"name": "test obj5 62", "object": 5, "value": 68.45815790640411, "project_name": "project 2", "object_name": "obj5", "created_date": "2023-07-10T17:35:25.349Z"}}, {"model": "users.datapoint", "pk": 467, "fields": {"name": "test obj5 63", "object": 5, "value": 92.75802981135304, "project_name": "project 2", "object_name": "obj5", "created_date": "2023-07-10T17:35:25.350Z"}}, {"model": "users.datapoint", "pk": 468, "fields": {"name": "test obj5 64", "object": 5, "value": 26.02601752956055, "project_name": "project 2", "object_name": "obj5", "created_date": "2023-07-10T17:35:25.350Z"}}, {"model": "users.datapoint", "pk": 469, "fields": {"name": "test obj5 65", "object": 5, "value": 60.54133654660804, "project_name": "project 2", "object_name": "obj5", "created_date": "2023-07-10T17:35:25.351Z"}}, {"model": "users.datapoint", "pk": 470, "fields": {"name": "test obj5 66", "object": 5, "value": 76.07739837398712, "project_name": "project 2", "object_name": "obj5", "created_date": "2023-07-10T17:35:25.352Z"}}, {"model": "users.datapoint", "pk": 471, "fields": {"name": "test obj5 67", "object": 5, "value": 74.17413156918107, "project_name": "project 2", "object_name": "obj5", "created_date": "2023-07-10T17:35:25.353Z"}}, {"model": "users.datapoint", "pk": 472, "fields": {"name": "test obj5 68", "object": 5, "value": 89.25759314048692, "project_name": "project 2", "object_name": "obj5", "created_date": "2023-07-10T17:35:25.353Z"}}, {"model": "users.datapoint", "pk": 473, "fields": {"name": "test obj5 69", "object": 5, "value": 99.30148444499183, "project_name": "project 2", "object_name": "obj5", "created_date": "2023-07-10T17:35:25.354Z"}}, {"model": "users.datapoint", "pk": 474, "fields": {"name": "test obj5 70", "object": 5, "value": 30.65341745006373, "project_name": "project 2", "object_name": "obj5", "created_date": "2023-07-10T17:35:25.355Z"}}, {"model": "users.datapoint", "pk": 475, "fields": {"name": "test obj5 71", "object": 5, "value": 18.638329260424175, "project_name": "project 2", "object_name": "obj5", "created_date": "2023-07-10T17:35:25.355Z"}}, {"model": "users.datapoint", "pk": 476, "fields": {"name": "test obj5 72", "object": 5, "value": 65.422548348493, "project_name": "project 2", "object_name": "obj5", "created_date": "2023-07-10T17:35:25.356Z"}}, {"model": "users.datapoint", "pk": 477, "fields": {"name": "test obj5 73", "object": 5, "value": 37.11468253172514, "project_name": "project 2", "object_name": "obj5", "created_date": "2023-07-10T17:35:25.357Z"}}, {"model": "users.datapoint", "pk": 478, "fields": {"name": "test obj5 74", "object": 5, "value": 89.06284853877777, "project_name": "project 2", "object_name": "obj5", "created_date": "2023-07-10T17:35:25.358Z"}}, {"model": "users.datapoint", "pk": 479, "fields": {"name": "test obj5 75", "object": 5, "value": 96.89622597819205, "project_name": "project 2", "object_name": "obj5", "created_date": "2023-07-10T17:35:25.358Z"}}, {"model": "users.datapoint", "pk": 480, "fields": {"name": "test obj5 76", "object": 5, "value": 33.3663548191497, "project_name": "project 2", "object_name": "obj5", "created_date": "2023-07-10T17:35:25.359Z"}}, {"model": "users.datapoint", "pk": 481, "fields": {"name": "test obj5 77", "object": 5, "value": 92.47185769355463, "project_name": "project 2", "object_name": "obj5", "created_date": "2023-07-10T17:35:25.360Z"}}, {"model": "users.datapoint", "pk": 482, "fields": {"name": "test obj5 78", "object": 5, "value": 31.104777638010006, "project_name": "project 2", "object_name": "obj5", "created_date": "2023-07-10T17:35:25.361Z"}}, {"model": "users.datapoint", "pk": 483, "fields": {"name": "test obj5 79", "object": 5, "value": 54.79519966591881, "project_name": "project 2", "object_name": "obj5", "created_date": "2023-07-10T17:35:25.361Z"}}, {"model": "users.datapoint", "pk": 484, "fields": {"name": "test obj5 80", "object": 5, "value": 43.377406970050664, "project_name": "project 2", "object_name": "obj5", "created_date": "2023-07-10T17:35:25.362Z"}}, {"model": "users.datapoint", "pk": 485, "fields": {"name": "test obj5 81", "object": 5, "value": 50.81703345685737, "project_name": "project 2", "object_name": "obj5", "created_date": "2023-07-10T17:35:25.363Z"}}, {"model": "users.datapoint", "pk": 486, "fields": {"name": "test obj5 82", "object": 5, "value": 1.9681754870391477, "project_name": "project 2", "object_name": "obj5", "created_date": "2023-07-10T17:35:25.364Z"}}, {"model": "users.datapoint", "pk": 487, "fields": {"name": "test obj5 83", "object": 5, "value": 88.8340217721656, "project_name": "project 2", "object_name": "obj5", "created_date": "2023-07-10T17:35:25.364Z"}}, {"model": "users.datapoint", "pk": 488, "fields": {"name": "test obj5 84", "object": 5, "value": 19.379588038428693, "project_name": "project 2", "object_name": "obj5", "created_date": "2023-07-10T17:35:25.365Z"}}, {"model": "users.datapoint", "pk": 489, "fields": {"name": "test obj5 85", "object": 5, "value": 90.60940935492444, "project_name": "project 2", "object_name": "obj5", "created_date": "2023-07-10T17:35:25.366Z"}}, {"model": "users.datapoint", "pk": 490, "fields": {"name": "test obj5 86", "object": 5, "value": 47.61132486777251, "project_name": "project 2", "object_name": "obj5", "created_date": "2023-07-10T17:35:25.367Z"}}, {"model": "users.datapoint", "pk": 491, "fields": {"name": "test obj5 87", "object": 5, "value": 87.92303699051271, "project_name": "project 2", "object_name": "obj5", "created_date": "2023-07-10T17:35:25.368Z"}}, {"model": "users.datapoint", "pk": 492, "fields": {"name": "test obj5 88", "object": 5, "value": 20.594232723367274, "project_name": "project 2", "object_name": "obj5", "created_date": "2023-07-10T17:35:25.369Z"}}, {"model": "users.datapoint", "pk": 493, "fields": {"name": "test obj5 89", "object": 5, "value": 7.882677414238419, "project_name": "project 2", "object_name": "obj5", "created_date": "2023-07-10T17:35:25.370Z"}}, {"model": "users.datapoint", "pk": 494, "fields": {"name": "test obj5 90", "object": 5, "value": 75.18791790155196, "project_name": "project 2", "object_name": "obj5", "created_date": "2023-07-10T17:35:25.371Z"}}, {"model": "users.datapoint", "pk": 495, "fields": {"name": "test obj5 91", "object": 5, "value": 29.06254700934688, "project_name": "project 2", "object_name": "obj5", "created_date": "2023-07-10T17:35:25.372Z"}}, {"model": "users.datapoint", "pk": 496, "fields": {"name": "test obj5 92", "object": 5, "value": 60.29934325676621, "project_name": "project 2", "object_name": "obj5", "created_date": "2023-07-10T17:35:25.373Z"}}, {"model": "users.datapoint", "pk": 497, "fields": {"name": "test obj5 93", "object": 5, "value": 23.351803934529617, "project_name": "project 2", "object_name": "obj5", "created_date": "2023-07-10T17:35:25.374Z"}}, {"model": "users.datapoint", "pk": 498, "fields": {"name": "test obj5 94", "object": 5, "value": 25.416720050671174, "project_name": "project 2", "object_name": "obj5", "created_date": "2023-07-10T17:35:25.375Z"}}, {"model": "users.datapoint", "pk": 499, "fields": {"name": "test obj5 95", "object": 5, "value": 40.9050620000033, "project_name": "project 2", "object_name": "obj5", "created_date": "2023-07-10T17:35:25.375Z"}}, {"model": "users.datapoint", "pk": 500, "fields": {"name": "test obj5 96", "object": 5, "value": 59.490871815676336, "project_name": "project 2", "object_name": "obj5", "created_date": "2023-07-10T17:35:25.376Z"}}, {"model": "users.datapoint", "pk": 501, "fields": {"name": "test obj5 97", "object": 5, "value": 67.0072647961775, "project_name": "project 2", "object_name": "obj5", "created_date": "2023-07-10T17:35:25.377Z"}}, {"model": "users.datapoint", "pk": 502, "fields": {"name": "test obj5 98", "object": 5, "value": 22.521383760917008, "project_name": "project 2", "object_name": "obj5", "created_date": "2023-07-10T17:35:25.378Z"}}, {"model": "users.datapoint", "pk": 503, "fields": {"name": "test obj5 99", "object": 5, "value": 62.031770224105266, "project_name": "project 2", "object_name": "obj5", "created_date": "2023-07-10T17:35:25.379Z"}}, {"model": "users.datapoint", "pk": 504, "fields": {"name": "test obj6 0", "object": 6, "value": 53.215722343785906, "project_name": "project 2", "object_name": "obj6", "created_date": "2023-07-10T17:35:25.380Z"}}, {"model": "users.datapoint", "pk": 505, "fields": {"name": "test obj6 1", "object": 6, "value": 35.740142416650265, "project_name": "project 2", "object_name": "obj6", "created_date": "2023-07-10T17:35:25.380Z"}}, {"model": "users.datapoint", "pk": 506, "fields": {"name": "test obj6 2", "object": 6, "value": 10.571329218168465, "project_name": "project 2", "object_name": "obj6", "created_date": "2023-07-10T17:35:25.381Z"}}, {"model": "users.datapoint", "pk": 507, "fields": {"name": "test obj6 3", "object": 6, "value": 7.512139676229898, "project_name": "project 2", "object_name": "obj6", "created_date": "2023-07-10T17:35:25.382Z"}}, {"model": "users.datapoint", "pk": 508, "fields": {"name": "test obj6 4", "object": 6, "value": 14.763622535768382, "project_name": "project 2", "object_name": "obj6", "created_date": "2023-07-10T17:35:25.383Z"}}, {"model": "users.datapoint", "pk": 509, "fields": {"name": "test obj6 5", "object": 6, "value": 65.12065767473361, "project_name": "project 2", "object_name": "obj6", "created_date": "2023-07-10T17:35:25.384Z"}}, {"model": "users.datapoint", "pk": 510, "fields": {"name": "test obj6 6", "object": 6, "value": 40.15962802611982, "project_name": "project 2", "object_name": "obj6", "created_date": "2023-07-10T17:35:25.385Z"}}, {"model": "users.datapoint", "pk": 511, "fields": {"name": "test obj6 7", "object": 6, "value": 78.79578878902784, "project_name": "project 2", "object_name": "obj6", "created_date": "2023-07-10T17:35:25.385Z"}}, {"model": "users.datapoint", "pk": 512, "fields": {"name": "test obj6 8", "object": 6, "value": 60.18278195890724, "project_name": "project 2", "object_name": "obj6", "created_date": "2023-07-10T17:35:25.386Z"}}, {"model": "users.datapoint", "pk": 513, "fields": {"name": "test obj6 9", "object": 6, "value": 55.77082766828829, "project_name": "project 2", "object_name": "obj6", "created_date": "2023-07-10T17:35:25.387Z"}}, {"model": "users.datapoint", "pk": 514, "fields": {"name": "test obj6 10", "object": 6, "value": 30.994189590761618, "project_name": "project 2", "object_name": "obj6", "created_date": "2023-07-10T17:35:25.388Z"}}, {"model": "users.datapoint", "pk": 515, "fields": {"name": "test obj6 11", "object": 6, "value": 20.965812198051992, "project_name": "project 2", "object_name": "obj6", "created_date": "2023-07-10T17:35:25.388Z"}}, {"model": "users.datapoint", "pk": 516, "fields": {"name": "test obj6 12", "object": 6, "value": 6.4571903090115, "project_name": "project 2", "object_name": "obj6", "created_date": "2023-07-10T17:35:25.389Z"}}, {"model": "users.datapoint", "pk": 517, "fields": {"name": "test obj6 13", "object": 6, "value": 45.51086213790432, "project_name": "project 2", "object_name": "obj6", "created_date": "2023-07-10T17:35:25.390Z"}}, {"model": "users.datapoint", "pk": 518, "fields": {"name": "test obj6 14", "object": 6, "value": 19.21225246447523, "project_name": "project 2", "object_name": "obj6", "created_date": "2023-07-10T17:35:25.391Z"}}, {"model": "users.datapoint", "pk": 519, "fields": {"name": "test obj6 15", "object": 6, "value": 35.6120694591563, "project_name": "project 2", "object_name": "obj6", "created_date": "2023-07-10T17:35:25.391Z"}}, {"model": "users.datapoint", "pk": 520, "fields": {"name": "test obj6 16", "object": 6, "value": 18.69462373214778, "project_name": "project 2", "object_name": "obj6", "created_date": "2023-07-10T17:35:25.392Z"}}, {"model": "users.datapoint", "pk": 521, "fields": {"name": "test obj6 17", "object": 6, "value": 94.88131298816695, "project_name": "project 2", "object_name": "obj6", "created_date": "2023-07-10T17:35:25.393Z"}}, {"model": "users.datapoint", "pk": 522, "fields": {"name": "test obj6 18", "object": 6, "value": 76.02054102992989, "project_name": "project 2", "object_name": "obj6", "created_date": "2023-07-10T17:35:25.394Z"}}, {"model": "users.datapoint", "pk": 523, "fields": {"name": "test obj6 19", "object": 6, "value": 27.914282894261802, "project_name": "project 2", "object_name": "obj6", "created_date": "2023-07-10T17:35:25.394Z"}}, {"model": "users.datapoint", "pk": 524, "fields": {"name": "test obj6 20", "object": 6, "value": 55.175310478138734, "project_name": "project 2", "object_name": "obj6", "created_date": "2023-07-10T17:35:25.395Z"}}, {"model": "users.datapoint", "pk": 525, "fields": {"name": "test obj6 21", "object": 6, "value": 40.11352641992378, "project_name": "project 2", "object_name": "obj6", "created_date": "2023-07-10T17:35:25.396Z"}}, {"model": "users.datapoint", "pk": 526, "fields": {"name": "test obj6 22", "object": 6, "value": 62.9280038856604, "project_name": "project 2", "object_name": "obj6", "created_date": "2023-07-10T17:35:25.396Z"}}, {"model": "users.datapoint", "pk": 527, "fields": {"name": "test obj6 23", "object": 6, "value": 32.094452146455865, "project_name": "project 2", "object_name": "obj6", "created_date": "2023-07-10T17:35:25.397Z"}}, {"model": "users.datapoint", "pk": 528, "fields": {"name": "test obj6 24", "object": 6, "value": 51.61458243388168, "project_name": "project 2", "object_name": "obj6", "created_date": "2023-07-10T17:35:25.398Z"}}, {"model": "users.datapoint", "pk": 529, "fields": {"name": "test obj6 25", "object": 6, "value": 2.311555288384164, "project_name": "project 2", "object_name": "obj6", "created_date": "2023-07-10T17:35:25.399Z"}}, {"model": "users.datapoint", "pk": 530, "fields": {"name": "test obj6 26", "object": 6, "value": 24.25283812427427, "project_name": "project 2", "object_name": "obj6", "created_date": "2023-07-10T17:35:25.399Z"}}, {"model": "users.datapoint", "pk": 531, "fields": {"name": "test obj6 27", "object": 6, "value": 42.0995825035227, "project_name": "project 2", "object_name": "obj6", "created_date": "2023-07-10T17:35:25.400Z"}}, {"model": "users.datapoint", "pk": 532, "fields": {"name": "test obj6 28", "object": 6, "value": 34.73570070506642, "project_name": "project 2", "object_name": "obj6", "created_date": "2023-07-10T17:35:25.401Z"}}, {"model": "users.datapoint", "pk": 533, "fields": {"name": "test obj6 29", "object": 6, "value": 1.7114770685456904, "project_name": "project 2", "object_name": "obj6", "created_date": "2023-07-10T17:35:25.402Z"}}, {"model": "users.datapoint", "pk": 534, "fields": {"name": "test obj6 30", "object": 6, "value": 60.02507081695247, "project_name": "project 2", "object_name": "obj6", "created_date": "2023-07-10T17:35:25.402Z"}}, {"model": "users.datapoint", "pk": 535, "fields": {"name": "test obj6 31", "object": 6, "value": 15.236020947058982, "project_name": "project 2", "object_name": "obj6", "created_date": "2023-07-10T17:35:25.403Z"}}, {"model": "users.datapoint", "pk": 536, "fields": {"name": "test obj6 32", "object": 6, "value": 79.08743405065178, "project_name": "project 2", "object_name": "obj6", "created_date": "2023-07-10T17:35:25.404Z"}}, {"model": "users.datapoint", "pk": 537, "fields": {"name": "test obj6 33", "object": 6, "value": 9.727066228345086, "project_name": "project 2", "object_name": "obj6", "created_date": "2023-07-10T17:35:25.405Z"}}, {"model": "users.datapoint", "pk": 538, "fields": {"name": "test obj6 34", "object": 6, "value": 96.8278606202237, "project_name": "project 2", "object_name": "obj6", "created_date": "2023-07-10T17:35:25.406Z"}}, {"model": "users.datapoint", "pk": 539, "fields": {"name": "test obj6 35", "object": 6, "value": 76.25841434251107, "project_name": "project 2", "object_name": "obj6", "created_date": "2023-07-10T17:35:25.406Z"}}, {"model": "users.datapoint", "pk": 540, "fields": {"name": "test obj6 36", "object": 6, "value": 36.21166770908285, "project_name": "project 2", "object_name": "obj6", "created_date": "2023-07-10T17:35:25.407Z"}}, {"model": "users.datapoint", "pk": 541, "fields": {"name": "test obj6 37", "object": 6, "value": 7.454777901622739, "project_name": "project 2", "object_name": "obj6", "created_date": "2023-07-10T17:35:25.408Z"}}, {"model": "users.datapoint", "pk": 542, "fields": {"name": "test obj6 38", "object": 6, "value": 13.390323656155116, "project_name": "project 2", "object_name": "obj6", "created_date": "2023-07-10T17:35:25.409Z"}}, {"model": "users.datapoint", "pk": 543, "fields": {"name": "test obj6 39", "object": 6, "value": 68.4146005857875, "project_name": "project 2", "object_name": "obj6", "created_date": "2023-07-10T17:35:25.409Z"}}, {"model": "users.datapoint", "pk": 544, "fields": {"name": "test obj6 40", "object": 6, "value": 9.668313277217255, "project_name": "project 2", "object_name": "obj6", "created_date": "2023-07-10T17:35:25.410Z"}}, {"model": "users.datapoint", "pk": 545, "fields": {"name": "test obj6 41", "object": 6, "value": 31.791759938297893, "project_name": "project 2", "object_name": "obj6", "created_date": "2023-07-10T17:35:25.411Z"}}, {"model": "users.datapoint", "pk": 546, "fields": {"name": "test obj6 42", "object": 6, "value": 14.928421939400817, "project_name": "project 2", "object_name": "obj6", "created_date": "2023-07-10T17:35:25.412Z"}}, {"model": "users.datapoint", "pk": 547, "fields": {"name": "test obj6 43", "object": 6, "value": 26.82886459780899, "project_name": "project 2", "object_name": "obj6", "created_date": "2023-07-10T17:35:25.413Z"}}, {"model": "users.datapoint", "pk": 548, "fields": {"name": "test obj6 44", "object": 6, "value": 86.03191267620483, "project_name": "project 2", "object_name": "obj6", "created_date": "2023-07-10T17:35:25.413Z"}}, {"model": "users.datapoint", "pk": 549, "fields": {"name": "test obj6 45", "object": 6, "value": 85.17890956382702, "project_name": "project 2", "object_name": "obj6", "created_date": "2023-07-10T17:35:25.414Z"}}, {"model": "users.datapoint", "pk": 550, "fields": {"name": "test obj6 46", "object": 6, "value": 18.364051417883594, "project_name": "project 2", "object_name": "obj6", "created_date": "2023-07-10T17:35:25.415Z"}}, {"model": "users.datapoint", "pk": 551, "fields": {"name": "test obj6 47", "object": 6, "value": 9.084092703121122, "project_name": "project 2", "object_name": "obj6", "created_date": "2023-07-10T17:35:25.416Z"}}, {"model": "users.datapoint", "pk": 552, "fields": {"name": "test obj6 48", "object": 6, "value": 25.150062283115822, "project_name": "project 2", "object_name": "obj6", "created_date": "2023-07-10T17:35:25.416Z"}}, {"model": "users.datapoint", "pk": 553, "fields": {"name": "test obj6 49", "object": 6, "value": 69.26178152121933, "project_name": "project 2", "object_name": "obj6", "created_date": "2023-07-10T17:35:25.417Z"}}, {"model": "users.datapoint", "pk": 554, "fields": {"name": "test obj6 50", "object": 6, "value": 89.28772404052734, "project_name": "project 2", "object_name": "obj6", "created_date": "2023-07-10T17:35:25.418Z"}}, {"model": "users.datapoint", "pk": 555, "fields": {"name": "test obj6 51", "object": 6, "value": 51.61119872039402, "project_name": "project 2", "object_name": "obj6", "created_date": "2023-07-10T17:35:25.418Z"}}, {"model": "users.datapoint", "pk": 556, "fields": {"name": "test obj6 52", "object": 6, "value": 71.80898890858741, "project_name": "project 2", "object_name": "obj6", "created_date": "2023-07-10T17:35:25.419Z"}}, {"model": "users.datapoint", "pk": 557, "fields": {"name": "test obj6 53", "object": 6, "value": 39.98164307857561, "project_name": "project 2", "object_name": "obj6", "created_date": "2023-07-10T17:35:25.420Z"}}, {"model": "users.datapoint", "pk": 558, "fields": {"name": "test obj6 54", "object": 6, "value": 29.334770830271285, "project_name": "project 2", "object_name": "obj6", "created_date": "2023-07-10T17:35:25.421Z"}}, {"model": "users.datapoint", "pk": 559, "fields": {"name": "test obj6 55", "object": 6, "value": 54.37130603238917, "project_name": "project 2", "object_name": "obj6", "created_date": "2023-07-10T17:35:25.421Z"}}, {"model": "users.datapoint", "pk": 560, "fields": {"name": "test obj6 56", "object": 6, "value": 87.25662158729331, "project_name": "project 2", "object_name": "obj6", "created_date": "2023-07-10T17:35:25.422Z"}}, {"model": "users.datapoint", "pk": 561, "fields": {"name": "test obj6 57", "object": 6, "value": 62.35889748130609, "project_name": "project 2", "object_name": "obj6", "created_date": "2023-07-10T17:35:25.423Z"}}, {"model": "users.datapoint", "pk": 562, "fields": {"name": "test obj6 58", "object": 6, "value": 89.30882393027862, "project_name": "project 2", "object_name": "obj6", "created_date": "2023-07-10T17:35:25.424Z"}}, {"model": "users.datapoint", "pk": 563, "fields": {"name": "test obj6 59", "object": 6, "value": 46.967494852547446, "project_name": "project 2", "object_name": "obj6", "created_date": "2023-07-10T17:35:25.424Z"}}, {"model": "users.datapoint", "pk": 564, "fields": {"name": "test obj6 60", "object": 6, "value": 40.006150054403136, "project_name": "project 2", "object_name": "obj6", "created_date": "2023-07-10T17:35:25.425Z"}}, {"model": "users.datapoint", "pk": 565, "fields": {"name": "test obj6 61", "object": 6, "value": 76.95204237447956, "project_name": "project 2", "object_name": "obj6", "created_date": "2023-07-10T17:35:25.426Z"}}, {"model": "users.datapoint", "pk": 566, "fields": {"name": "test obj6 62", "object": 6, "value": 48.50074767674134, "project_name": "project 2", "object_name": "obj6", "created_date": "2023-07-10T17:35:25.426Z"}}, {"model": "users.datapoint", "pk": 567, "fields": {"name": "test obj6 63", "object": 6, "value": 77.01463787629896, "project_name": "project 2", "object_name": "obj6", "created_date": "2023-07-10T17:35:25.427Z"}}, {"model": "users.datapoint", "pk": 568, "fields": {"name": "test obj6 64", "object": 6, "value": 90.68496175551758, "project_name": "project 2", "object_name": "obj6", "created_date": "2023-07-10T17:35:25.428Z"}}, {"model": "users.datapoint", "pk": 569, "fields": {"name": "test obj6 65", "object": 6, "value": 8.170280502768808, "project_name": "project 2", "object_name": "obj6", "created_date": "2023-07-10T17:35:25.428Z"}}, {"model": "users.datapoint", "pk": 570, "fields": {"name": "test obj6 66", "object": 6, "value": 71.92194209190461, "project_name": "project 2", "object_name": "obj6", "created_date": "2023-07-10T17:35:25.429Z"}}, {"model": "users.datapoint", "pk": 571, "fields": {"name": "test obj6 67", "object": 6, "value": 27.69358880956155, "project_name": "project 2", "object_name": "obj6", "created_date": "2023-07-10T17:35:25.430Z"}}, {"model": "users.datapoint", "pk": 572, "fields": {"name": "test obj6 68", "object": 6, "value": 71.35838440253374, "project_name": "project 2", "object_name": "obj6", "created_date": "2023-07-10T17:35:25.431Z"}}, {"model": "users.datapoint", "pk": 573, "fields": {"name": "test obj6 69", "object": 6, "value": 96.62006559269848, "project_name": "project 2", "object_name": "obj6", "created_date": "2023-07-10T17:35:25.431Z"}}, {"model": "users.datapoint", "pk": 574, "fields": {"name": "test obj6 70", "object": 6, "value": 23.90891218074165, "project_name": "project 2", "object_name": "obj6", "created_date": "2023-07-10T17:35:25.432Z"}}, {"model": "users.datapoint", "pk": 575, "fields": {"name": "test obj6 71", "object": 6, "value": 8.559934634281491, "project_name": "project 2", "object_name": "obj6", "created_date": "2023-07-10T17:35:25.433Z"}}, {"model": "users.datapoint", "pk": 576, "fields": {"name": "test obj6 72", "object": 6, "value": 27.413200725658346, "project_name": "project 2", "object_name": "obj6", "created_date": "2023-07-10T17:35:25.434Z"}}, {"model": "users.datapoint", "pk": 577, "fields": {"name": "test obj6 73", "object": 6, "value": 22.479064450366895, "project_name": "project 2", "object_name": "obj6", "created_date": "2023-07-10T17:35:25.434Z"}}, {"model": "users.datapoint", "pk": 578, "fields": {"name": "test obj6 74", "object": 6, "value": 1.202262481087028, "project_name": "project 2", "object_name": "obj6", "created_date": "2023-07-10T17:35:25.435Z"}}, {"model": "users.datapoint", "pk": 579, "fields": {"name": "test obj6 75", "object": 6, "value": 53.47918149806298, "project_name": "project 2", "object_name": "obj6", "created_date": "2023-07-10T17:35:25.436Z"}}, {"model": "users.datapoint", "pk": 580, "fields": {"name": "test obj6 76", "object": 6, "value": 93.48878584676356, "project_name": "project 2", "object_name": "obj6", "created_date": "2023-07-10T17:35:25.437Z"}}, {"model": "users.datapoint", "pk": 581, "fields": {"name": "test obj6 77", "object": 6, "value": 51.8783124866222, "project_name": "project 2", "object_name": "obj6", "created_date": "2023-07-10T17:35:25.437Z"}}, {"model": "users.datapoint", "pk": 582, "fields": {"name": "test obj6 78", "object": 6, "value": 79.42862361496782, "project_name": "project 2", "object_name": "obj6", "created_date": "2023-07-10T17:35:25.438Z"}}, {"model": "users.datapoint", "pk": 583, "fields": {"name": "test obj6 79", "object": 6, "value": 48.88369588463777, "project_name": "project 2", "object_name": "obj6", "created_date": "2023-07-10T17:35:25.439Z"}}, {"model": "users.datapoint", "pk": 584, "fields": {"name": "test obj6 80", "object": 6, "value": 4.912641902940985, "project_name": "project 2", "object_name": "obj6", "created_date": "2023-07-10T17:35:25.439Z"}}, {"model": "users.datapoint", "pk": 585, "fields": {"name": "test obj6 81", "object": 6, "value": 85.28039205681443, "project_name": "project 2", "object_name": "obj6", "created_date": "2023-07-10T17:35:25.440Z"}}, {"model": "users.datapoint", "pk": 586, "fields": {"name": "test obj6 82", "object": 6, "value": 2.760059424145092, "project_name": "project 2", "object_name": "obj6", "created_date": "2023-07-10T17:35:25.441Z"}}, {"model": "users.datapoint", "pk": 587, "fields": {"name": "test obj6 83", "object": 6, "value": 58.035740734104465, "project_name": "project 2", "object_name": "obj6", "created_date": "2023-07-10T17:35:25.442Z"}}, {"model": "users.datapoint", "pk": 588, "fields": {"name": "test obj6 84", "object": 6, "value": 89.46304380750136, "project_name": "project 2", "object_name": "obj6", "created_date": "2023-07-10T17:35:25.442Z"}}, {"model": "users.datapoint", "pk": 589, "fields": {"name": "test obj6 85", "object": 6, "value": 66.96366273022964, "project_name": "project 2", "object_name": "obj6", "created_date": "2023-07-10T17:35:25.443Z"}}, {"model": "users.datapoint", "pk": 590, "fields": {"name": "test obj6 86", "object": 6, "value": 50.84778960783299, "project_name": "project 2", "object_name": "obj6", "created_date": "2023-07-10T17:35:25.444Z"}}, {"model": "users.datapoint", "pk": 591, "fields": {"name": "test obj6 87", "object": 6, "value": 50.333478465772274, "project_name": "project 2", "object_name": "obj6", "created_date": "2023-07-10T17:35:25.445Z"}}, {"model": "users.datapoint", "pk": 592, "fields": {"name": "test obj6 88", "object": 6, "value": 53.10802991319571, "project_name": "project 2", "object_name": "obj6", "created_date": "2023-07-10T17:35:25.445Z"}}, {"model": "users.datapoint", "pk": 593, "fields": {"name": "test obj6 89", "object": 6, "value": 19.80427452125109, "project_name": "project 2", "object_name": "obj6", "created_date": "2023-07-10T17:35:25.446Z"}}, {"model": "users.datapoint", "pk": 594, "fields": {"name": "test obj6 90", "object": 6, "value": 21.6230411719805, "project_name": "project 2", "object_name": "obj6", "created_date": "2023-07-10T17:35:25.447Z"}}, {"model": "users.datapoint", "pk": 595, "fields": {"name": "test obj6 91", "object": 6, "value": 38.96933486490839, "project_name": "project 2", "object_name": "obj6", "created_date": "2023-07-10T17:35:25.447Z"}}, {"model": "users.datapoint", "pk": 596, "fields": {"name": "test obj6 92", "object": 6, "value": 19.340333055360592, "project_name": "project 2", "object_name": "obj6", "created_date": "2023-07-10T17:35:25.448Z"}}, {"model": "users.datapoint", "pk": 597, "fields": {"name": "test obj6 93", "object": 6, "value": 10.38154808434076, "project_name": "project 2", "object_name": "obj6", "created_date": "2023-07-10T17:35:25.448Z"}}, {"model": "users.datapoint", "pk": 598, "fields": {"name": "test obj6 94", "object": 6, "value": 13.16994599724747, "project_name": "project 2", "object_name": "obj6", "created_date": "2023-07-10T17:35:25.449Z"}}, {"model": "users.datapoint", "pk": 599, "fields": {"name": "test obj6 95", "object": 6, "value": 87.65311078853111, "project_name": "project 2", "object_name": "obj6", "created_date": "2023-07-10T17:35:25.450Z"}}, {"model": "users.datapoint", "pk": 600, "fields": {"name": "test obj6 96", "object": 6, "value": 34.10596839443378, "project_name": "project 2", "object_name": "obj6", "created_date": "2023-07-10T17:35:25.450Z"}}, {"model": "users.datapoint", "pk": 601, "fields": {"name": "test obj6 97", "object": 6, "value": 82.85726914821512, "project_name": "project 2", "object_name": "obj6", "created_date": "2023-07-10T17:35:25.451Z"}}, {"model": "users.datapoint", "pk": 602, "fields": {"name": "test obj6 98", "object": 6, "value": 72.7272691085275, "project_name": "project 2", "object_name": "obj6", "created_date": "2023-07-10T17:35:25.452Z"}}, {"model": "users.datapoint", "pk": 603, "fields": {"name": "test obj6 99", "object": 6, "value": 58.83107639574958, "project_name": "project 2", "object_name": "obj6", "created_date": "2023-07-10T17:35:25.452Z"}}]